{"aggregate_tokens_per_second": 0.3752045681604825, "concurrency": 2, "elapsed_s": 21.321702023036778, "errors": 0, "generated_token_total": 8, "host": "127.0.0.1", "latency_ms": {"avg": 5012.226227889187, "p50": 5084.947778028436, "p95": 6073.592069931328, "p99": 6073.644441999495}, "mode": "off", "mtpa_accepted": 0, "mtpa_attempted": 0, "port": 18120, "requests": 8, "schema": "ds4_v100_aggregate_throughput_case.v1", "status_200": 8, "status_413": 0, "status_429": 0, "status_other": 0, "token_match": 8, "token_mismatch": 0}
