{"prompt_tokens":18,"generated_tokens":2,"total_input_tokens":19,"tokens":[{"id":926,"logit":35.2541656,"text":"16","text_hex":"3136"},{"id":1,"logit":39.306324,"text":"<｜end▁of▁sentence｜>","text_hex":"3cefbd9c656e64e296816f66e2968173656e74656e6365efbd9c3e"}],"timing_ms":{"open_total":62809.693,"prompt_replay":3329.978,"continuation_decode":99.584,"output_head":5.302,"token_text":0.006,"total":3434.897,"prompt_tokens_per_second":5.405442,"continuation_tokens_per_second":10.041775,"generated_tokens_per_second":0.582259,"stage_decode":[1500.775,337.062,331.938,323.551,321.409,230.462,228.316,152.040],"stage_profile":{"hc_attn":[0.000,0.000,0.000,0.000,0.000,0.000,0.000,0.000],"attention":[0.000,0.000,0.000,0.000,0.000,0.000,0.000,0.000],"hc_ffn":[0.000,0.000,0.000,0.000,0.000,0.000,0.000,0.000],"ffn":[0.000,0.000,0.000,0.000,0.000,0.000,0.000,0.000],"hc_final":[0.000,0.000,0.000,0.000,0.000,0.000,0.000,0.000],"total":[0.000,0.000,0.000,0.000,0.000,0.000,0.000,0.000]},"handoff":[0.716,0.681,0.603,0.559,0.515,0.496,0.438],"open_stage":[40079.417,33697.464,42054.194,62776.958,55077.898,45214.053,34800.145,35585.645]},"memory":{"uploaded_tensors":8,"uploaded_bytes":156142896212,"arena_bytes":[22524134668,21494393612,21494393612,21494393612,21494393612,17922654732,17901334540,11817197824]}}
