{"prompt_tokens":18,"generated_tokens":2,"total_input_tokens":19,"tokens":[{"id":926,"logit":35.2521744,"text":"16","text_hex":"3136"},{"id":1,"logit":39.3058014,"text":"<｜end▁of▁sentence｜>","text_hex":"3cefbd9c656e64e296816f66e2968173656e74656e6365efbd9c3e"}],"timing_ms":{"open_total":50061.200,"prompt_replay":2945.416,"continuation_decode":105.409,"output_head":5.254,"token_text":0.125,"total":3056.237,"prompt_tokens_per_second":6.111192,"continuation_tokens_per_second":9.486862,"generated_tokens_per_second":0.654399,"stage_decode":[1152.632,327.610,319.412,321.702,325.162,228.199,224.344,147.887],"stage_profile":{"hc_attn":[0.000,0.000,0.000,0.000,0.000,0.000,0.000,0.000],"attention":[0.000,0.000,0.000,0.000,0.000,0.000,0.000,0.000],"hc_ffn":[0.000,0.000,0.000,0.000,0.000,0.000,0.000,0.000],"ffn":[0.000,0.000,0.000,0.000,0.000,0.000,0.000,0.000],"hc_final":[0.000,0.000,0.000,0.000,0.000,0.000,0.000,0.000],"total":[0.000,0.000,0.000,0.000,0.000,0.000,0.000,0.000]},"handoff":[0.620,0.554,0.522,0.531,0.609,0.490,0.552],"open_stage":[40771.436,37855.417,50016.472,33557.963,32419.079,42304.091,39387.739,31025.312]},"memory":{"uploaded_tensors":8,"uploaded_bytes":156142896212,"arena_bytes":[22524134668,21494393612,21494393612,21494393612,21494393612,17922654732,17901334540,11817197824]}}
