{"prompt_tokens":256,"generated_tokens":2,"total_input_tokens":257,"tokens":[{"id":201,"logit":20.6330643,"text":"\n","text_hex":"0a"},{"id":5,"logit":24.3756485,"text":"#","text_hex":"23"}],"timing_ms":{"open_total":61041.631,"prompt_replay":18499.074,"continuation_decode":67.959,"output_head":5.994,"token_text":5.819,"total":18579.487,"prompt_tokens_per_second":13.838530,"continuation_tokens_per_second":14.714705,"generated_tokens_per_second":0.107646,"stage_decode":[3205.431,2472.082,2474.493,2473.493,2446.989,2098.741,2066.112,1282.230],"stage_profile":{"hc_attn":[114.505,114.723,115.281,113.860,111.464,102.680,94.977,59.587],"attention":[1229.096,1278.999,1286.926,1285.519,1269.972,1088.186,1058.247,658.277],"attn_proj":[414.365,418.165,418.608,417.670,414.885,349.099,345.064,210.153],"attn_cache":[97.322,137.258,137.716,137.911,137.653,135.177,107.390,78.279],"attn_softmax":[131.098,142.966,143.244,142.741,141.759,121.358,115.795,74.004],"attn_inverse_rope":[13.489,13.521,13.650,13.624,13.048,10.896,10.812,6.827],"attn_output":[545.060,544.498,545.231,545.361,541.913,452.351,450.756,272.244],"hc_ffn":[135.744,134.319,135.044,134.600,134.217,123.410,111.646,68.097],"ffn":[839.872,785.881,780.221,782.643,774.872,649.525,661.300,406.527],"hc_final":[16.220,16.224,16.290,16.216,15.658,13.133,13.047,8.122],"total":[2335.437,2330.147,2333.762,2332.838,2306.183,1976.934,1939.217,1200.611]},"handoff":[6.635,6.915,6.442,6.069,7.464,6.831,7.107],"open_stage":[52713.340,49662.192,47617.323,57255.259,61010.094,34851.597,54091.797,23438.124]},"memory":{"uploaded_tensors":8,"uploaded_bytes":156142896212,"arena_bytes":[22524134668,21494393612,21494393612,21494393612,21494393612,17922654732,17901334540,11817197824]}}
