{
  "prompt": 13.838530,
  "cont": 14.714705,
  "ids": [
    201,
    5
  ],
  "sums": {
    "attn": 9155.222,
    "proj": 2988.009,
    "cache": 968.706,
    "softmax": 1012.9649999999999,
    "inverse": 95.867,
    "output": 3897.414,
    "ffn": 5680.841,
    "total": 16755.128999999997
  }
}
