{"prompt_tokens":18,"generated_tokens":2,"total_input_tokens":19,"tokens":[{"id":926,"logit":35.250885,"text":"16","text_hex":"3136"},{"id":1,"logit":39.3052406,"text":"<｜end▁of▁sentence｜>","text_hex":"3cefbd9c656e64e296816f66e2968173656e74656e6365efbd9c3e"}],"timing_ms":{"open_total":298017.426,"prompt_replay":3694.657,"continuation_decode":148.485,"output_head":6.911,"token_text":0.033,"total":3850.102,"prompt_tokens_per_second":4.871900,"continuation_tokens_per_second":6.734693,"generated_tokens_per_second":0.519467,"stage_decode":[1260.011,397.945,400.056,397.226,395.840,330.967,424.936,231.763],"handoff":[0.755,0.620,0.740,0.542,0.629,0.529,0.584],"open_stage":[44454.286,44852.591,43975.585,48744.865,39645.734,23019.442,31286.617,22018.097]},"memory":{"uploaded_tensors":1328,"uploaded_bytes":156142862684,"arena_bytes":[22524134668,21494393612,21494393612,21494393612,21494393612,17922654732,17901334540,11817197824]}}
