{"prompt_tokens":18,"generated_tokens":2,"total_input_tokens":19,"tokens":[{"id":926,"logit":35.250885,"text":"16","text_hex":"3136"},{"id":1,"logit":39.3052406,"text":"<пЅњendв–Ѓofв–ЃsentenceпЅњ>","text_hex":"3cefbd9c656e64e296816f66e2968173656e74656e6365efbd9c3e"}],"timing_ms":{"open_total":298017.426,"prompt_replay":2626.819,"continuation_decode":144.103,"output_head":6.048,"token_text":0.007,"total":2776.989,"prompt_tokens_per_second":6.852394,"continuation_tokens_per_second":6.939491,"generated_tokens_per_second":0.720205,"stage_decode":[367.400,369.375,370.283,369.812,368.291,308.057,396.438,217.472],"handoff":[0.621,0.551,0.584,0.435,0.585,0.432,0.586],"open_stage":[44454.286,44852.591,43975.585,48744.865,39645.734,23019.442,31286.617,22018.097]},"memory":{"uploaded_tensors":1328,"uploaded_bytes":156142862684,"arena_bytes":[22524134668,21494393612,21494393612,21494393612,21494393612,17922654732,17901334540,11817197824]}}
