{"prompt_tokens":256,"generated_tokens":2,"total_input_tokens":257,"tokens":[{"id":3955,"logit":21.0927544,"text":"\",\n","text_hex":"222c0a"},{"id":361,"logit":25.3393822,"text":"   ","text_hex":"202020"}],"timing_ms":{"open_total":67704.845,"prompt_replay":15747.964,"continuation_decode":57.133,"output_head":5.207,"token_text":0.132,"total":15810.712,"prompt_tokens_per_second":16.256069,"continuation_tokens_per_second":17.503002,"generated_tokens_per_second":0.126497,"stage_decode":[2848.072,2103.778,2108.500,2078.560,2083.061,1747.434,1720.937,1072.907],"stage_profile":{"hc_attn":[0.000,0.000,0.000,0.000,0.000,0.000,0.000,0.000],"attention":[0.000,0.000,0.000,0.000,0.000,0.000,0.000,0.000],"hc_ffn":[0.000,0.000,0.000,0.000,0.000,0.000,0.000,0.000],"ffn":[0.000,0.000,0.000,0.000,0.000,0.000,0.000,0.000],"hc_final":[0.000,0.000,0.000,0.000,0.000,0.000,0.000,0.000],"total":[0.000,0.000,0.000,0.000,0.000,0.000,0.000,0.000]},"handoff":[6.469,5.559,6.008,6.405,5.561,5.614,6.231],"open_stage":[64984.127,67676.717,64575.443,51168.601,46532.252,54310.184,57781.471,42065.259]},"memory":{"uploaded_tensors":8,"uploaded_bytes":156142896212,"arena_bytes":[22524134668,21494393612,21494393612,21494393612,21494393612,17922654732,17901334540,11817197824]}}
