{"prompt_tokens":18,"generated_tokens":2,"total_input_tokens":19,"tokens":[{"id":926,"logit":35.250885,"text":"16","text_hex":"3136"},{"id":1,"logit":39.3052406,"text":"<｜end▁of▁sentence｜>","text_hex":"3cefbd9c656e64e296816f66e2968173656e74656e6365efbd9c3e"}],"timing_ms":{"open_total":305295.846,"prompt_replay":3464.610,"continuation_decode":150.066,"output_head":7.060,"token_text":0.021,"total":3621.764,"prompt_tokens_per_second":5.195389,"continuation_tokens_per_second":6.663738,"generated_tokens_per_second":0.552217,"stage_decode":[1061.896,393.227,395.017,392.719,392.910,328.509,420.939,225.156],"handoff":[0.671,0.680,0.623,0.664,0.569,0.556,0.542],"open_stage":[35625.603,39014.646,45881.308,51680.327,45875.564,35516.552,38330.648,13350.972]},"memory":{"uploaded_tensors":1328,"uploaded_bytes":156142862684,"arena_bytes":[22524134668,21494393612,21494393612,21494393612,21494393612,17922654732,17901334540,11817197824]}}
