{"prompt_tokens":18,"generated_tokens":2,"total_input_tokens":19,"tokens":[{"id":926,"logit":35.250885,"text":"16","text_hex":"3136"},{"id":1,"logit":39.3052406,"text":"<пЅњendв–Ѓofв–ЃsentenceпЅњ>","text_hex":"3cefbd9c656e64e296816f66e2968173656e74656e6365efbd9c3e"}],"timing_ms":{"open_total":305295.846,"prompt_replay":2629.903,"continuation_decode":146.501,"output_head":5.895,"token_text":0.005,"total":2782.320,"prompt_tokens_per_second":6.844359,"continuation_tokens_per_second":6.825893,"generated_tokens_per_second":0.718825,"stage_decode":[366.855,368.441,369.765,369.382,368.852,308.082,403.662,217.143],"handoff":[0.720,0.646,0.618,0.567,0.602,0.452,0.617],"open_stage":[35625.603,39014.646,45881.308,51680.327,45875.564,35516.552,38330.648,13350.972]},"memory":{"uploaded_tensors":1328,"uploaded_bytes":156142862684,"arena_bytes":[22524134668,21494393612,21494393612,21494393612,21494393612,17922654732,17901334540,11817197824]}}
