{"prompt_tokens":18,"generated_tokens":2,"total_input_tokens":19,"tokens":[{"id":926,"logit":35.250885,"text":"16","text_hex":"3136"},{"id":1,"logit":39.3052406,"text":"<｜end▁of▁sentence｜>","text_hex":"3cefbd9c656e64e296816f66e2968173656e74656e6365efbd9c3e"}],"timing_ms":{"open_total":289214.849,"prompt_replay":3776.364,"continuation_decode":148.562,"output_head":7.401,"token_text":0.026,"total":3932.387,"prompt_tokens_per_second":4.766489,"continuation_tokens_per_second":6.731196,"generated_tokens_per_second":0.508597,"stage_decode":[1214.948,415.596,420.045,418.236,419.339,352.102,438.099,240.838],"handoff":[1.017,0.887,0.834,0.866,0.730,0.755,0.635],"open_stage":[22151.180,18909.764,53711.549,56788.190,48931.086,40904.761,29290.221,18498.608]},"memory":{"uploaded_tensors":1328,"uploaded_bytes":156142862684,"arena_bytes":[22524134668,21494393612,21494393612,21494393612,21494393612,17922654732,17901334540,11817197824]}}
