{"prompt_tokens":18,"generated_tokens":1,"total_input_tokens":18,"tokens":[{"id":926,"logit":35.250885,"text":"16","text_hex":"3136"}],"timing_ms":{"open_total":311299.886,"prompt_replay":3601.463,"continuation_decode":0.000,"output_head":4.677,"token_text":0.003,"total":3606.161,"prompt_tokens_per_second":4.997969,"continuation_tokens_per_second":0.000000,"generated_tokens_per_second":0.277303,"stage_decode":[1051.024,388.613,394.063,391.961,396.092,329.326,418.811,226.145],"handoff":[0.812,0.789,0.893,0.704,0.794,0.737,0.700],"open_stage":[40283.798,53143.110,47635.230,30813.069,49909.335,30270.264,37401.246,21798.450]},"memory":{"uploaded_tensors":1328,"uploaded_bytes":156142862684,"arena_bytes":[22524134668,21494393612,21494393612,21494393612,21494393612,17922654732,17901334540,11817197824]}}
