{"prompt_tokens":18,"generated_tokens":1,"total_input_tokens":18,"tokens":[{"id":926,"logit":35.250885,"text":"16","text_hex":"3136"}],"timing_ms":{"open_total":311299.886,"prompt_replay":2619.038,"continuation_decode":0.000,"output_head":3.038,"token_text":0.004,"total":2622.088,"prompt_tokens_per_second":6.872753,"continuation_tokens_per_second":0.000000,"generated_tokens_per_second":0.381375,"stage_decode":[347.091,348.747,349.151,348.708,348.966,291.754,376.681,204.615],"handoff":[0.559,0.462,0.492,0.445,0.447,0.380,0.541],"open_stage":[40283.798,53143.110,47635.230,30813.069,49909.335,30270.264,37401.246,21798.450]},"memory":{"uploaded_tensors":1328,"uploaded_bytes":156142862684,"arena_bytes":[22524134668,21494393612,21494393612,21494393612,21494393612,17922654732,17901334540,11817197824]}}
