{"aggregate_tokens_per_second": 0.322759457701078, "concurrency": 8, "elapsed_s": 12.393130254000425, "errors": 0, "generated_token_total": 4, "host": "127.0.0.1", "latency_ms": {"avg": 10214.636902528582, "p50": 9489.433591021225, "p95": 11956.31698408397, "p99": 12304.462612851057}, "mode": "off", "mtpa_accepted": 0, "mtpa_attempted": 0, "port": 18143, "requests": 4, "schema": "ds4_v100_aggregate_throughput_case.v1", "status_200": 4, "status_413": 0, "status_429": 0, "status_other": 0, "token_match": 4, "token_mismatch": 0}
