{"aggregate_tokens_per_second": 0.3257627766162246, "concurrency": 8, "elapsed_s": 12.278873729985207, "errors": 0, "generated_token_total": 4, "host": "127.0.0.1", "latency_ms": {"avg": 10136.542586958967, "p50": 9423.57802495826, "p95": 11848.626367165707, "p99": 12190.937460563146}, "mode": "off", "mtpa_accepted": 0, "mtpa_attempted": 0, "port": 18150, "requests": 4, "schema": "ds4_v100_aggregate_throughput_case.v1", "status_200": 4, "status_413": 0, "status_429": 0, "status_other": 0, "token_match": 4, "token_mismatch": 0}
