{"prompt_tokens":18,"generated_tokens":1,"total_input_tokens":18,"tokens":[{"id":926,"logit":35.250885,"text":"16","text_hex":"3136"}],"timing_ms":{"open_total":248960.832,"prompt_replay":3684.495,"continuation_decode":0.000,"output_head":5.121,"token_text":0.009,"total":3689.639,"prompt_tokens_per_second":4.885337,"continuation_tokens_per_second":0.000000,"generated_tokens_per_second":0.271029,"stage_decode":[1212.047,383.789,382.566,379.548,378.956,317.383,408.001,217.549],"handoff":[0.762,0.746,0.709,0.651,0.535,0.576,0.678],"open_stage":[29261.747,49418.888,38502.611,30275.331,18317.447,22246.835,34091.730,26814.963]},"memory":{"uploaded_tensors":1328,"uploaded_bytes":156142862684,"arena_bytes":[22524134668,21494393612,21494393612,21494393612,21494393612,17922654732,17901334540,11817197824]}}
