{"prompt_tokens":18,"generated_tokens":1,"total_input_tokens":18,"tokens":[{"id":926,"logit":35.250885,"text":"16","text_hex":"3136"}],"timing_ms":{"open_total":248960.832,"prompt_replay":2626.073,"continuation_decode":0.000,"output_head":3.061,"token_text":0.004,"total":2629.150,"prompt_tokens_per_second":6.854341,"continuation_tokens_per_second":0.000000,"generated_tokens_per_second":0.380351,"stage_decode":[348.574,351.202,351.722,350.726,349.615,292.204,373.225,205.239],"handoff":[0.488,0.558,0.533,0.514,0.512,0.456,0.504],"open_stage":[29261.747,49418.888,38502.611,30275.331,18317.447,22246.835,34091.730,26814.963]},"memory":{"uploaded_tensors":1328,"uploaded_bytes":156142862684,"arena_bytes":[22524134668,21494393612,21494393612,21494393612,21494393612,17922654732,17901334540,11817197824]}}
