{"aggregate_tokens_per_second": 0.36949094131866783, "concurrency": 4, "elapsed_s": 10.825705187045969, "errors": 0, "generated_token_total": 4, "host": "127.0.0.1", "latency_ms": {"avg": 10823.824328515911, "p50": 10823.745233996306, "p95": 10824.952941690572, "p99": 10825.095310774632}, "mode": "off", "mtpa_accepted": 0, "mtpa_attempted": 0, "port": 18125, "requests": 4, "schema": "ds4_v100_aggregate_throughput_case.v1", "status_200": 4, "status_413": 0, "status_429": 0, "status_other": 0, "token_match": 4, "token_mismatch": 0}
