{"prompt_tokens":256,"generated_tokens":2,"total_input_tokens":257,"tokens":[{"id":3955,"logit":20.8269958,"text":"\",\n","text_hex":"222c0a"},{"id":361,"logit":25.2951164,"text":"   ","text_hex":"202020"}],"timing_ms":{"open_total":53504.614,"prompt_replay":21135.064,"continuation_decode":75.830,"output_head":4.953,"token_text":5.888,"total":21222.152,"prompt_tokens_per_second":12.112573,"continuation_tokens_per_second":13.187379,"generated_tokens_per_second":0.094241,"stage_decode":[3163.763,3197.369,3172.362,3175.650,3154.489,2045.843,2009.557,1245.959],"stage_profile":{"hc_attn":[110.324,113.336,111.199,112.204,109.753,92.563,90.711,56.321],"attention":[1232.251,2011.698,1994.201,1993.280,1987.569,1077.697,1050.983,651.827],"hc_ffn":[135.671,139.015,136.996,137.062,135.204,111.844,109.754,66.495],"ffn":[851.526,787.872,783.909,785.331,775.531,643.801,636.682,394.598],"hc_final":[15.142,15.233,15.334,15.283,14.627,12.101,11.927,7.179],"total":[2344.914,3067.153,3041.639,3043.159,3022.685,1938.006,1900.057,1176.420]},"handoff":[6.727,7.060,6.307,6.566,7.249,5.876,6.116],"open_stage":[48401.224,49269.744,52591.221,51719.732,53463.766,44806.986,46317.946,26594.166]},"memory":{"uploaded_tensors":8,"uploaded_bytes":156142896212,"arena_bytes":[22524134668,21494393612,21494393612,21494393612,21494393612,17922654732,17901334540,11817197824]}}
