{"prompt_tokens":18,"generated_tokens":2,"total_input_tokens":19,"tokens":[{"id":926,"logit":35.250885,"text":"16","text_hex":"3136"},{"id":1,"logit":39.3052406,"text":"<пЅњendв–Ѓofв–ЃsentenceпЅњ>","text_hex":"3cefbd9c656e64e296816f66e2968173656e74656e6365efbd9c3e"}],"timing_ms":{"open_total":393164.157,"prompt_replay":2620.490,"continuation_decode":148.436,"output_head":6.138,"token_text":0.006,"total":2775.082,"prompt_tokens_per_second":6.868944,"continuation_tokens_per_second":6.736909,"generated_tokens_per_second":0.720699,"stage_decode":[366.226,367.920,368.747,368.391,368.578,308.469,403.277,213.812],"handoff":[0.572,0.517,0.473,0.520,0.445,0.464,0.516],"open_stage":[62847.674,50216.220,58356.474,51626.292,51652.160,47077.060,48782.603,22571.313]},"memory":{"uploaded_tensors":1328,"uploaded_bytes":156142862684,"arena_bytes":[22524134668,21494393612,21494393612,21494393612,21494393612,17922654732,17901334540,11817197824]}}
