{"aggregate_tokens_per_second": 0.32566085287122015, "concurrency": 8, "elapsed_s": 12.282716711983085, "errors": 0, "generated_token_total": 4, "host": "127.0.0.1", "latency_ms": {"avg": 9422.27637351607, "p50": 9421.91009549424, "p95": 12281.946003320627, "p99": 12282.20013033133}, "mode": "off", "mtpa_accepted": 0, "mtpa_attempted": 0, "port": 18127, "requests": 4, "schema": "ds4_v100_aggregate_throughput_case.v1", "status_200": 4, "status_413": 0, "status_429": 0, "status_other": 0, "token_match": 4, "token_mismatch": 0}
