{
  "client_generated_tok_s": 73.2899556332164,
  "elapsed_s": 13.971900939941406,
  "http_200": 32,
  "requests": 32
}
