{"prompt_tokens":18,"generated_tokens":2,"total_input_tokens":19,"tokens":[{"id":926,"logit":35.250885,"text":"16","text_hex":"3136"},{"id":1,"logit":39.3052406,"text":"<пЅњendв–Ѓofв–ЃsentenceпЅњ>","text_hex":"3cefbd9c656e64e296816f66e2968173656e74656e6365efbd9c3e"}],"timing_ms":{"open_total":75648.760,"prompt_replay":3431.225,"continuation_decode":142.958,"output_head":6.914,"token_text":0.006,"total":3581.128,"prompt_tokens_per_second":5.245939,"continuation_tokens_per_second":6.995061,"generated_tokens_per_second":0.558483,"stage_decode":[1075.771,386.389,384.788,382.542,380.353,319.560,416.850,222.861],"handoff":[0.583,0.840,0.676,0.707,0.775,0.709,0.780],"open_stage":[66068.329,74734.060,47620.303,58444.092,75626.158,59440.422,53077.826,40283.517]},"memory":{"uploaded_tensors":1328,"uploaded_bytes":156142862684,"arena_bytes":[22524134668,21494393612,21494393612,21494393612,21494393612,17922654732,17901334540,11817197824]}}
