{"prompt_tokens":256,"generated_tokens":2,"total_input_tokens":257,"tokens":[{"id":3955,"logit":20.8394814,"text":"\",\n","text_hex":"222c0a"},{"id":361,"logit":25.4180183,"text":"   ","text_hex":"202020"}],"timing_ms":{"open_total":59680.307,"prompt_replay":20108.067,"continuation_decode":71.068,"output_head":5.157,"token_text":0.006,"total":20184.718,"prompt_tokens_per_second":12.731209,"continuation_tokens_per_second":14.071008,"generated_tokens_per_second":0.099085,"stage_decode":[3126.822,2997.673,2985.392,2988.400,3012.102,1933.252,1910.136,1179.473],"stage_profile":{"hc_attn":[0.000,0.000,0.000,0.000,0.000,0.000,0.000,0.000],"attention":[0.000,0.000,0.000,0.000,0.000,0.000,0.000,0.000],"hc_ffn":[0.000,0.000,0.000,0.000,0.000,0.000,0.000,0.000],"ffn":[0.000,0.000,0.000,0.000,0.000,0.000,0.000,0.000],"hc_final":[0.000,0.000,0.000,0.000,0.000,0.000,0.000,0.000],"total":[0.000,0.000,0.000,0.000,0.000,0.000,0.000,0.000]},"handoff":[6.348,6.539,6.851,6.570,6.427,6.501,6.649],"open_stage":[50284.240,50967.006,49213.893,59659.676,53731.926,44614.355,43220.590,30292.342]},"memory":{"uploaded_tensors":8,"uploaded_bytes":156142896212,"arena_bytes":[22524134668,21494393612,21494393612,21494393612,21494393612,17922654732,17901334540,11817197824]}}
