{"cases": [{"backend": "tp_ep_launcher_http", "compose_copy_ms": 2085.4649719999998, "compose_final_ms": 2351.603225, "compose_ms": 5127.088703, "compose_reduce_ms": 690.0205060000001, "continuation_tok_s": 639.6240990763162, "continuation_tok_s_decode": 797.5952930253499, "continuation_tokens": 6048, "ctx": 262144, "dense_ms": 0.0, "elapsed_s": 9.661348373, "ep_ms": 2616.186577, "generated_tok_s": 635.9360787744985, "generated_tok_s_decode": 793.2833164346083, "generated_tokens": 6144, "generation_requests": 3, "gpu_mem_used_max_mib": 13186.0, "gpu_util_avg": 11.42142857142857, "gpu_util_max": 28.0, "schema": "ds4_v100_tp_ep_sustained_http_case.v3", "slots": 32, "status_200": 96, "token_match": 96, "token_mismatch": 0, "tokens_per_request": 64}], "schema": "ds4_v100_tp_ep_sustained_http.v3"}
