{"prompt_tokens":18,"generated_tokens":1,"total_input_tokens":18,"tokens":[{"id":926,"logit":35.250885,"text":"16","text_hex":"3136"}],"timing_ms":{"open_total":264228.283,"prompt_replay":3604.659,"continuation_decode":0.000,"output_head":4.143,"token_text":0.009,"total":3608.836,"prompt_tokens_per_second":4.993538,"continuation_tokens_per_second":0.000000,"generated_tokens_per_second":0.277098,"stage_decode":[1152.708,379.461,380.018,379.600,377.684,313.595,404.094,213.687],"handoff":[0.650,0.491,0.585,0.571,0.622,0.479,0.415],"open_stage":[28077.552,47419.730,39583.752,25439.023,40606.984,37526.059,25937.721,19611.128]},"memory":{"uploaded_tensors":1328,"uploaded_bytes":156142862684,"arena_bytes":[22524134668,21494393612,21494393612,21494393612,21494393612,17922654732,17901334540,11817197824]}}
