{"prompt_tokens":18,"generated_tokens":1,"total_input_tokens":18,"tokens":[{"id":926,"logit":35.250885,"text":"16","text_hex":"3136"}],"timing_ms":{"open_total":264228.283,"prompt_replay":2615.238,"continuation_decode":0.000,"output_head":3.011,"token_text":0.005,"total":2618.273,"prompt_tokens_per_second":6.882738,"continuation_tokens_per_second":0.000000,"generated_tokens_per_second":0.381931,"stage_decode":[349.154,351.954,351.696,351.307,349.618,291.830,363.399,202.782],"handoff":[0.494,0.568,0.535,0.521,0.466,0.425,0.489],"open_stage":[28077.552,47419.730,39583.752,25439.023,40606.984,37526.059,25937.721,19611.128]},"memory":{"uploaded_tensors":1328,"uploaded_bytes":156142862684,"arena_bytes":[22524134668,21494393612,21494393612,21494393612,21494393612,17922654732,17901334540,11817197824]}}
