{"prompt_tokens":18,"generated_tokens":1,"total_input_tokens":18,"tokens":[{"id":926,"logit":35.1523285,"text":"16","text_hex":"3136"}],"timing_ms":{"open_total":45865.064,"prompt_replay":2816.439,"continuation_decode":0.000,"output_head":3.368,"token_text":0.004,"total":2819.878,"prompt_tokens_per_second":6.391048,"continuation_tokens_per_second":0.000000,"generated_tokens_per_second":0.354625,"stage_decode":[1437.665,222.727,206.073,218.794,231.667,184.154,181.865,125.869],"stage_profile":{"hc_attn":[0.000,0.000,0.000,0.000,0.000,0.000,0.000,0.000],"attention":[0.000,0.000,0.000,0.000,0.000,0.000,0.000,0.000],"hc_ffn":[0.000,0.000,0.000,0.000,0.000,0.000,0.000,0.000],"ffn":[0.000,0.000,0.000,0.000,0.000,0.000,0.000,0.000],"hc_final":[0.000,0.000,0.000,0.000,0.000,0.000,0.000,0.000],"total":[0.000,0.000,0.000,0.000,0.000,0.000,0.000,0.000]},"handoff":[1.050,0.943,0.755,1.295,1.153,1.124,1.306],"open_stage":[45808.628,42344.579,33533.956,12020.113,10696.150,20953.210,7480.480,5601.005]},"memory":{"uploaded_tensors":8,"uploaded_bytes":156142896212,"arena_bytes":[22524134668,21494393612,21494393612,21494393612,21494393612,17922654732,17901334540,11817197824]}}
