{"prompt_tokens":18,"generated_tokens":2,"total_input_tokens":19,"tokens":[{"id":926,"logit":35.1504364,"text":"16","text_hex":"3136"},{"id":1,"logit":39.0940247,"text":"<｜end▁of▁sentence｜>","text_hex":"3cefbd9c656e64e296816f66e2968173656e74656e6365efbd9c3e"}],"timing_ms":{"open_total":52612.955,"prompt_replay":2241.767,"continuation_decode":63.612,"output_head":4.871,"token_text":0.005,"total":2310.293,"prompt_tokens_per_second":8.029379,"continuation_tokens_per_second":15.720289,"generated_tokens_per_second":0.865691,"stage_decode":[1022.109,199.198,202.522,206.717,207.684,171.958,171.724,118.673],"stage_profile":{"hc_attn":[0.000,0.000,0.000,0.000,0.000,0.000,0.000,0.000],"attention":[0.000,0.000,0.000,0.000,0.000,0.000,0.000,0.000],"hc_ffn":[0.000,0.000,0.000,0.000,0.000,0.000,0.000,0.000],"ffn":[0.000,0.000,0.000,0.000,0.000,0.000,0.000,0.000],"hc_final":[0.000,0.000,0.000,0.000,0.000,0.000,0.000,0.000],"total":[0.000,0.000,0.000,0.000,0.000,0.000,0.000,0.000]},"handoff":[0.614,0.648,0.690,0.703,0.666,0.750,0.723],"open_stage":[52583.454,49576.954,28659.886,13045.434,50287.631,49122.660,29423.974,33060.855]},"memory":{"uploaded_tensors":8,"uploaded_bytes":156142896212,"arena_bytes":[22524134668,21494393612,21494393612,21494393612,21494393612,17922654732,17901334540,11817197824]}}
