{
  "candidate": {
    "client_generated_tok_s": 8.338640536946373,
    "failure_count": 2,
    "gpu_sample_count": 1584,
    "gpu_util_avg": 6.316287878787879,
    "gpu_util_max": 25.0,
    "http_200": 32,
    "output_head_first_token": 123477,
    "ready": false,
    "requests": 32,
    "response_00_sequence": [
      122445,
      121932,
      89368,
      121932,
      36155,
      60846,
      94562,
      35717,
      54491,
      35119,
      44742,
      38909,
      64780,
      128819,
      47710,
      114963,
      56697,
      48061,
      28264,
      62673,
      60041,
      10257,
      124155,
      65417,
      32974,
      128816,
      15984,
      70623,
      41456,
      67132,
      123477,
      87337
    ],
    "scaffold_sum_ep_ms": 492.992627,
    "scaffold_sum_hc_current_input_ms": 931.282324,
    "scaffold_sum_pre_ep_attention_output_ms": 486.473759,
    "scaffold_sum_pre_ep_attention_projection_ms": 54.613979,
    "scaffold_sum_pre_ep_attention_state_ms": 42.536043,
    "scaffold_sum_pre_ep_compressed_kv_ms": 54.112785,
    "scaffold_sum_pre_ep_post_attention_ffn_input_ms": 138.337609,
    "server_continuation_tok_s_decode": 20.949901,
    "server_generated_tok_s_decode": 20.984393,
    "tokens": 32,
    "vram_after_lazy_output_head_close_min_free_mib": 1462,
    "vram_failures": 62,
    "vram_min_free_mib": 1328,
    "vram_nccl_after_lazy_output_head_close_min_free_mib": 1462
  },
  "candidate_active": true,
  "candidate_dir": "/workspace/logs/sprint412-attn-output-nccl-http-ab-rerun/candidate/none-hc-nccl-allgather-hc-stream-sync-attention-output-nccl-allgather-post-attention-ffn-input-model-router-no-route-plan-async-upload-compact-moe",
  "candidate_profile_returncode": 0,
  "candidate_readiness_returncode": 1,
  "candidate_reserve_blocked": true,
  "candidate_served": true,
  "control": {
    "client_generated_tok_s": 15.744130209984968,
    "failure_count": 0,
    "gpu_sample_count": 864,
    "gpu_util_avg": 2.8587962962962963,
    "gpu_util_max": 46.0,
    "http_200": 32,
    "output_head_first_token": 83484,
    "ready": true,
    "requests": 32,
    "response_00_sequence": [
      83480,
      79768,
      46915,
      98751,
      97212,
      2460,
      97466,
      69260,
      31128,
      13655,
      90448,
      32974,
      94704,
      78827,
      117465,
      109502,
      123327,
      92132,
      57045,
      13698,
      87562,
      73669,
      83484,
      83484,
      83484,
      83484,
      83484,
      83484,
      83484,
      83484,
      83484,
      83484
    ],
    "scaffold_sum_ep_ms": 11.41796,
    "scaffold_sum_hc_current_input_ms": 259.355091,
    "scaffold_sum_pre_ep_attention_output_ms": 0.0,
    "scaffold_sum_pre_ep_attention_projection_ms": 54.397643,
    "scaffold_sum_pre_ep_attention_state_ms": 42.933655,
    "scaffold_sum_pre_ep_compressed_kv_ms": 71.699447,
    "scaffold_sum_pre_ep_post_attention_ffn_input_ms": 0.0,
    "server_continuation_tok_s_decode": 101.187734,
    "server_generated_tok_s_decode": 101.539977,
    "tokens": 32,
    "vram_after_lazy_output_head_close_min_free_mib": 2240,
    "vram_failures": 0,
    "vram_min_free_mib": 2106,
    "vram_nccl_after_lazy_output_head_close_min_free_mib": 2240
  },
  "control_dir": "/workspace/logs/sprint412-attn-output-nccl-http-ab-rerun/control/none-hc-nccl-allgather-hc-stream-sync-model-router-compact-moe",
  "control_profile_returncode": 0,
  "control_readiness_returncode": 0,
  "decision": "true-attention-post-attention-serving-served-reserve-blocked",
  "ratios": {
    "client_generated_tok_s": 0.5296348814276184,
    "gpu_util_avg": 2.209422156790578,
    "scaffold_sum_pre_ep_attention_output_ms": null,
    "scaffold_sum_pre_ep_attention_projection_ms": 1.0039769370154512,
    "scaffold_sum_pre_ep_attention_state_ms": 0.9907389203178718,
    "scaffold_sum_pre_ep_compressed_kv_ms": 0.7547169087650006,
    "scaffold_sum_pre_ep_post_attention_ffn_input_ms": null,
    "server_continuation_tok_s_decode": 0.2070399264005655,
    "server_generated_tok_s_decode": 0.20666139209387455,
    "vram_min_free_mib": 0.630579297245964
  },
  "schema": "ds4_v100_tp_ep_true_attn_http_ab.v1",
  "shape": {
    "ctx": 262144,
    "position": 262080,
    "requests": 32,
    "slots": 32,
    "tokens": 32
  }
}
