{"cases": [{"backend": "tp_ep_launcher_http", "compose_copy_ms": 2734.135125, "compose_final_ms": 393.39927100000006, "compose_ms": 3670.56913, "compose_reduce_ms": 543.0347340000001, "continuation_tok_s": 757.4036829911231, "continuation_tok_s_decode": 984.5673899805539, "continuation_tokens": 6048, "ctx": 262144, "dense_ms": 0.0, "elapsed_s": 8.162948228, "ep_ms": 2614.1567290000003, "generated_tok_s": 752.6692352311217, "generated_tok_s_decode": 977.3730675706494, "generated_tokens": 6144, "generation_requests": 3, "gpu_mem_used_max_mib": 13184.0, "gpu_util_avg": 18.982758620689655, "gpu_util_max": 40.0, "schema": "ds4_v100_tp_ep_sustained_http_case.v3", "slots": 32, "status_200": 96, "token_match": 96, "token_mismatch": 0, "tokens_per_request": 64}], "schema": "ds4_v100_tp_ep_sustained_http.v3"}
