{"aggregate_tokens_per_second": 0.32574349030248595, "concurrency": 8, "elapsed_s": 12.279600725974888, "errors": 0, "generated_token_total": 4, "host": "127.0.0.1", "latency_ms": {"avg": 9406.129873532336, "p50": 9406.545860052574, "p95": 12277.846931910608, "p99": 12277.92125678854}, "mode": "off", "mtpa_accepted": 0, "mtpa_attempted": 0, "port": 18135, "requests": 4, "schema": "ds4_v100_aggregate_throughput_case.v1", "status_200": 4, "status_413": 0, "status_429": 0, "status_other": 0, "token_match": 4, "token_mismatch": 0}
