{"aggregate_tokens_per_second": 0.35906399716067094, "concurrency": 4, "elapsed_s": 11.140075395000167, "errors": 0, "generated_token_total": 4, "host": "127.0.0.1", "latency_ms": {"avg": 9228.60601049615, "p50": 8591.80357499281, "p95": 10757.534280075924, "p99": 11063.230182441184}, "mode": "off", "mtpa_accepted": 0, "mtpa_attempted": 0, "port": 18164, "requests": 4, "schema": "ds4_v100_aggregate_throughput_case.v1", "status_200": 4, "status_413": 0, "status_429": 0, "status_other": 0, "token_match": 4, "token_mismatch": 0}
