{"aggregate_tokens_per_second": 0.36331882192924453, "concurrency": 2, "elapsed_s": 11.009614031994715, "errors": 0, "generated_token_total": 4, "host": "127.0.0.1", "latency_ms": {"avg": 4860.579759493703, "p50": 5104.211212485097, "p95": 5777.05677903723, "p99": 5870.647599040531}, "mode": "off", "mtpa_accepted": 0, "mtpa_attempted": 0, "port": 18147, "requests": 4, "schema": "ds4_v100_aggregate_throughput_case.v1", "status_200": 4, "status_413": 0, "status_429": 0, "status_other": 0, "token_match": 4, "token_mismatch": 0}
