{"prompt_tokens":256,"generated_tokens":2,"total_input_tokens":257,"tokens":[{"id":3955,"logit":21.0855808,"text":"\",\n","text_hex":"222c0a"},{"id":361,"logit":25.5593891,"text":"   ","text_hex":"202020"}],"timing_ms":{"open_total":52964.131,"prompt_replay":20423.644,"continuation_decode":72.157,"output_head":5.094,"token_text":0.125,"total":20501.398,"prompt_tokens_per_second":12.534492,"continuation_tokens_per_second":13.858673,"generated_tokens_per_second":0.097554,"stage_decode":[3143.834,3045.411,3081.830,3053.416,3055.647,1948.229,1923.446,1190.905],"stage_profile":{"hc_attn":[0.000,0.000,0.000,0.000,0.000,0.000,0.000,0.000],"attention":[0.000,0.000,0.000,0.000,0.000,0.000,0.000,0.000],"hc_ffn":[0.000,0.000,0.000,0.000,0.000,0.000,0.000,0.000],"ffn":[0.000,0.000,0.000,0.000,0.000,0.000,0.000,0.000],"hc_final":[0.000,0.000,0.000,0.000,0.000,0.000,0.000,0.000],"total":[0.000,0.000,0.000,0.000,0.000,0.000,0.000,0.000]},"handoff":[7.207,7.719,7.313,6.949,8.518,7.646,7.732],"open_stage":[21739.510,34995.636,49572.369,52930.456,50051.329,28163.891,46437.060,33405.639]},"memory":{"uploaded_tensors":8,"uploaded_bytes":156142896212,"arena_bytes":[22524134668,21494393612,21494393612,21494393612,21494393612,17922654732,17901334540,11817197824]}}
