{"prompt_tokens":18,"generated_tokens":2,"total_input_tokens":19,"tokens":[{"id":926,"logit":35.1519394,"text":"16","text_hex":"3136"},{"id":1,"logit":39.0942268,"text":"<｜end▁of▁sentence｜>","text_hex":"3cefbd9c656e64e296816f66e2968173656e74656e6365efbd9c3e"}],"timing_ms":{"open_total":52405.521,"prompt_replay":2476.522,"continuation_decode":71.761,"output_head":4.871,"token_text":0.005,"total":2553.199,"prompt_tokens_per_second":7.268257,"continuation_tokens_per_second":13.935101,"generated_tokens_per_second":0.783331,"stage_decode":[1080.887,252.569,253.041,258.096,250.049,169.513,168.474,112.945],"stage_profile":{"hc_attn":[0.000,0.000,0.000,0.000,0.000,0.000,0.000,0.000],"attention":[0.000,0.000,0.000,0.000,0.000,0.000,0.000,0.000],"hc_ffn":[0.000,0.000,0.000,0.000,0.000,0.000,0.000,0.000],"ffn":[0.000,0.000,0.000,0.000,0.000,0.000,0.000,0.000],"hc_final":[0.000,0.000,0.000,0.000,0.000,0.000,0.000,0.000],"total":[0.000,0.000,0.000,0.000,0.000,0.000,0.000,0.000]},"handoff":[0.391,0.402,0.379,0.437,0.355,0.385,0.359],"open_stage":[45011.023,34375.222,23384.513,48384.366,52376.668,26824.563,14837.856,5771.415]},"memory":{"uploaded_tensors":8,"uploaded_bytes":156142896212,"arena_bytes":[22524134668,21494393612,21494393612,21494393612,21494393612,17922654732,17901334540,11817197824]}}
