{"prompt_tokens":256,"generated_tokens":2,"total_input_tokens":257,"tokens":[{"id":1760,"logit":20.9963455,"text":"\",","text_hex":"222c"},{"id":582,"logit":24.2635326,"text":" \"","text_hex":"2022"}],"timing_ms":{"open_total":60159.503,"prompt_replay":15675.723,"continuation_decode":57.410,"output_head":4.972,"token_text":6.249,"total":15744.651,"prompt_tokens_per_second":16.330985,"continuation_tokens_per_second":17.418521,"generated_tokens_per_second":0.127027,"stage_decode":[2803.402,2082.377,2083.803,2085.537,2076.069,1760.015,1721.570,1078.413],"stage_profile":{"hc_attn":[0.000,0.000,0.000,0.000,0.000,0.000,0.000,0.000],"attention":[0.000,0.000,0.000,0.000,0.000,0.000,0.000,0.000],"hc_ffn":[0.000,0.000,0.000,0.000,0.000,0.000,0.000,0.000],"ffn":[0.000,0.000,0.000,0.000,0.000,0.000,0.000,0.000],"hc_final":[0.000,0.000,0.000,0.000,0.000,0.000,0.000,0.000],"total":[0.000,0.000,0.000,0.000,0.000,0.000,0.000,0.000]},"handoff":[6.474,6.196,5.909,5.400,5.868,5.645,6.453],"open_stage":[60064.012,60129.292,56545.827,57485.172,50990.836,38053.800,55675.129,23197.050]},"memory":{"uploaded_tensors":8,"uploaded_bytes":156142896212,"arena_bytes":[22524134668,21494393612,21494393612,21494393612,21494393612,17922654732,17901334540,11817197824]}}
