{"aggregate_tokens_per_second": 0.3479202204024946, "concurrency": 1, "elapsed_s": 11.496888555004261, "errors": 0, "generated_token_total": 4, "host": "127.0.0.1", "latency_ms": {"avg": 2874.066549760755, "p50": 2613.3425715379417, "p95": 3503.2778832945037, "p99": 3628.5150382458232}, "mode": "off", "mtpa_accepted": 0, "mtpa_attempted": 0, "port": 18200, "requests": 4, "schema": "ds4_v100_aggregate_throughput_case.v1", "status_200": 4, "status_413": 0, "status_429": 0, "status_other": 0, "token_match": 4, "token_mismatch": 0}
