{"prompt_tokens":18,"generated_tokens":2,"total_input_tokens":19,"tokens":[{"id":926,"logit":35.1535416,"text":"16","text_hex":"3136"},{"id":1,"logit":39.0941887,"text":"<｜end▁of▁sentence｜>","text_hex":"3cefbd9c656e64e296816f66e2968173656e74656e6365efbd9c3e"}],"timing_ms":{"open_total":61959.847,"prompt_replay":978.619,"continuation_decode":55.033,"output_head":4.181,"token_text":0.015,"total":1037.867,"prompt_tokens_per_second":18.393264,"continuation_tokens_per_second":18.170929,"generated_tokens_per_second":1.927029,"stage_decode":[141.468,144.836,144.573,144.796,143.625,120.787,118.353,72.614],"stage_profile":{"hc_attn":[0.000,0.000,0.000,0.000,0.000,0.000,0.000,0.000],"attention":[0.000,0.000,0.000,0.000,0.000,0.000,0.000,0.000],"attn_proj":[0.000,0.000,0.000,0.000,0.000,0.000,0.000,0.000],"attn_cache":[0.000,0.000,0.000,0.000,0.000,0.000,0.000,0.000],"attn_softmax":[0.000,0.000,0.000,0.000,0.000,0.000,0.000,0.000],"attn_inverse_rope":[0.000,0.000,0.000,0.000,0.000,0.000,0.000,0.000],"attn_output":[0.000,0.000,0.000,0.000,0.000,0.000,0.000,0.000],"hc_ffn":[0.000,0.000,0.000,0.000,0.000,0.000,0.000,0.000],"ffn":[0.000,0.000,0.000,0.000,0.000,0.000,0.000,0.000],"hc_final":[0.000,0.000,0.000,0.000,0.000,0.000,0.000,0.000],"total":[0.000,0.000,0.000,0.000,0.000,0.000,0.000,0.000]},"handoff":[0.430,0.383,0.390,0.313,0.353,0.409,0.322],"open_stage":[55969.474,58632.122,61937.657,60216.532,44766.758,43875.824,52109.797,32855.053]},"memory":{"uploaded_tensors":8,"uploaded_bytes":156142896212,"arena_bytes":[22524134668,21494393612,21494393612,21494393612,21494393612,17922654732,17901334540,11817197824]}}
