{"prompt_tokens":256,"generated_tokens":2,"total_input_tokens":257,"tokens":[{"id":3955,"logit":20.8914967,"text":"\",\n","text_hex":"222c0a"},{"id":361,"logit":25.4056339,"text":"   ","text_hex":"202020"}],"timing_ms":{"open_total":54006.920,"prompt_replay":17063.627,"continuation_decode":62.603,"output_head":5.353,"token_text":0.006,"total":17131.875,"prompt_tokens_per_second":15.002672,"continuation_tokens_per_second":15.973668,"generated_tokens_per_second":0.116741,"stage_decode":[2990.133,2283.387,2282.920,2285.134,2264.663,1911.793,1883.895,1180.051],"stage_profile":{"hc_attn":[0.000,0.000,0.000,0.000,0.000,0.000,0.000,0.000],"attention":[0.000,0.000,0.000,0.000,0.000,0.000,0.000,0.000],"hc_ffn":[0.000,0.000,0.000,0.000,0.000,0.000,0.000,0.000],"ffn":[0.000,0.000,0.000,0.000,0.000,0.000,0.000,0.000],"hc_final":[0.000,0.000,0.000,0.000,0.000,0.000,0.000,0.000],"total":[0.000,0.000,0.000,0.000,0.000,0.000,0.000,0.000]},"handoff":[6.272,6.271,6.469,6.229,6.514,6.348,6.152],"open_stage":[29530.690,47185.602,53979.355,52356.409,49360.787,30496.502,39495.050,19172.162]},"memory":{"uploaded_tensors":8,"uploaded_bytes":156142896212,"arena_bytes":[22524134668,21494393612,21494393612,21494393612,21494393612,17922654732,17901334540,11817197824]}}
