{"prompt_tokens":18,"generated_tokens":2,"total_input_tokens":19,"tokens":[{"id":926,"logit":35.250885,"text":"16","text_hex":"3136"},{"id":1,"logit":39.3052406,"text":"<пЅњendв–Ѓofв–ЃsentenceпЅњ>","text_hex":"3cefbd9c656e64e296816f66e2968173656e74656e6365efbd9c3e"}],"timing_ms":{"open_total":70183.713,"prompt_replay":4084.614,"continuation_decode":143.501,"output_head":6.867,"token_text":0.023,"total":4235.048,"prompt_tokens_per_second":4.406781,"continuation_tokens_per_second":6.968582,"generated_tokens_per_second":0.472250,"stage_decode":[1458.830,407.327,442.611,397.235,475.903,338.654,464.893,237.925],"handoff":[0.735,0.698,0.701,0.639,0.634,0.643,0.687],"open_stage":[60128.180,48752.107,33309.591,70150.492,26579.189,57409.165,31383.505,19214.106]},"memory":{"uploaded_tensors":1328,"uploaded_bytes":156142862684,"arena_bytes":[22524134668,21494393612,21494393612,21494393612,21494393612,17922654732,17901334540,11817197824]}}
