{"prompt_tokens":18,"generated_tokens":1,"total_input_tokens":18,"tokens":[{"id":926,"logit":35.250885,"text":"16","text_hex":"3136"}],"timing_ms":{"open_total":261332.193,"prompt_replay":3538.426,"continuation_decode":0.000,"output_head":3.933,"token_text":0.010,"total":3542.387,"prompt_tokens_per_second":5.087008,"continuation_tokens_per_second":0.000000,"generated_tokens_per_second":0.282296,"stage_decode":[1075.659,381.436,380.516,374.487,374.224,326.917,400.157,220.711],"handoff":[0.691,0.660,0.671,0.584,0.566,0.564,0.583],"open_stage":[33366.288,27440.359,44718.097,51705.338,33391.629,21188.454,36809.269,12691.916]},"memory":{"uploaded_tensors":1328,"uploaded_bytes":156142862684,"arena_bytes":[22524134668,21494393612,21494393612,21494393612,21494393612,17922654732,17901334540,11817197824]}}
