{"prompt_tokens":18,"generated_tokens":1,"total_input_tokens":18,"tokens":[{"id":926,"logit":35.250885,"text":"16","text_hex":"3136"}],"timing_ms":{"open_total":261332.193,"prompt_replay":2612.135,"continuation_decode":0.000,"output_head":2.874,"token_text":0.003,"total":2615.021,"prompt_tokens_per_second":6.890914,"continuation_tokens_per_second":0.000000,"generated_tokens_per_second":0.382406,"stage_decode":[347.417,348.505,349.759,348.868,349.336,291.956,372.581,200.391],"handoff":[0.542,0.432,0.437,0.552,0.529,0.442,0.390],"open_stage":[33366.288,27440.359,44718.097,51705.338,33391.629,21188.454,36809.269,12691.916]},"memory":{"uploaded_tensors":1328,"uploaded_bytes":156142862684,"arena_bytes":[22524134668,21494393612,21494393612,21494393612,21494393612,17922654732,17901334540,11817197824]}}
