{"prompt_tokens":256,"generated_tokens":2,"total_input_tokens":257,"tokens":[{"id":3955,"logit":20.8681107,"text":"\",\n","text_hex":"222c0a"},{"id":361,"logit":25.3545666,"text":"   ","text_hex":"202020"}],"timing_ms":{"open_total":55162.243,"prompt_replay":29994.136,"continuation_decode":113.087,"output_head":8.013,"token_text":0.005,"total":30115.762,"prompt_tokens_per_second":8.535002,"continuation_tokens_per_second":8.842737,"generated_tokens_per_second":0.066410,"stage_decode":[4841.565,4101.033,4101.085,4081.169,4044.507,3421.747,3374.321,2078.585],"stage_profile":{"hc_attn":[112.131,115.729,114.582,111.291,110.660,97.811,91.493,56.390],"attention":[2855.188,2902.059,2909.401,2892.968,2871.833,2423.244,2384.450,1461.112],"attn_proj":[414.931,416.461,416.345,414.204,412.332,346.334,342.365,208.726],"attn_cache":[94.062,134.489,134.845,133.791,131.631,119.680,103.336,76.175],"attn_softmax":[130.216,142.190,142.285,141.932,141.773,120.231,114.958,73.406],"attn_inverse_rope":[12.576,12.709,12.812,12.813,12.017,10.161,10.111,6.125],"attn_output":[2174.503,2174.517,2174.113,2168.969,2152.678,1801.313,1793.633,1080.055],"hc_ffn":[135.113,136.030,134.481,135.045,131.976,111.624,110.484,67.005],"ffn":[865.594,788.691,785.340,783.731,774.796,655.034,648.392,403.325],"hc_final":[15.266,14.976,14.972,15.029,14.342,12.195,12.025,7.223],"total":[3983.292,3957.485,3958.776,3938.064,3903.607,3299.909,3246.844,1995.056]},"handoff":[9.245,8.288,9.278,9.035,8.658,9.791,8.916],"open_stage":[45608.292,55134.170,40512.688,53104.382,49297.724,43729.855,44131.259,36511.350]},"memory":{"uploaded_tensors":8,"uploaded_bytes":156142896212,"arena_bytes":[22524134668,21494393612,21494393612,21494393612,21494393612,17922654732,17901334540,11817197824]}}
