{
  "prompt": 8.535002,
  "cont": 8.842737,
  "ids": [
    3955,
    361
  ],
  "sums": {
    "attn": 20700.255000000005,
    "proj": 2971.698,
    "cache": 928.009,
    "softmax": 1006.991,
    "inverse": 89.32400000000001,
    "output": 15519.780999999999,
    "ffn": 5704.902999999999,
    "total": 28283.033000000003
  }
}
