{"aggregate_tokens_per_second": 0.37797695228714334, "concurrency": 4, "elapsed_s": 10.582655836013146, "errors": 0, "generated_token_total": 4, "host": "127.0.0.1", "latency_ms": {"avg": 10580.711929011159, "p50": 10580.683829030022, "p95": 10581.247507035732, "p99": 10581.32347183302}, "mode": "off", "mtpa_accepted": 0, "mtpa_attempted": 0, "port": 18165, "requests": 4, "schema": "ds4_v100_aggregate_throughput_case.v1", "status_200": 4, "status_413": 0, "status_429": 0, "status_other": 0, "token_match": 4, "token_mismatch": 0}
