{"prompt_tokens":18,"generated_tokens":1,"total_input_tokens":18,"tokens":[{"id":926,"logit":35.250885,"text":"16","text_hex":"3136"}],"timing_ms":{"open_total":304826.869,"prompt_replay":2716.477,"continuation_decode":0.000,"output_head":3.207,"token_text":0.005,"total":2719.714,"prompt_tokens_per_second":6.626230,"continuation_tokens_per_second":0.000000,"generated_tokens_per_second":0.367686,"stage_decode":[357.604,358.683,360.508,358.969,361.066,303.164,397.295,213.150],"handoff":[1.055,0.895,0.959,0.878,0.698,0.822,0.732],"open_stage":[41136.268,63897.869,18176.699,44856.828,41583.819,34449.499,37885.551,22806.833]},"memory":{"uploaded_tensors":1328,"uploaded_bytes":156142862684,"arena_bytes":[22524134668,21494393612,21494393612,21494393612,21494393612,17922654732,17901334540,11817197824]}}
