{"prompt_tokens":18,"generated_tokens":1,"total_input_tokens":18,"tokens":[{"id":926,"logit":35.250885,"text":"16","text_hex":"3136"}],"timing_ms":{"open_total":304826.869,"prompt_replay":3781.803,"continuation_decode":0.000,"output_head":3.688,"token_text":0.004,"total":3785.516,"prompt_tokens_per_second":4.759634,"continuation_tokens_per_second":0.000000,"generated_tokens_per_second":0.264165,"stage_decode":[1269.442,378.073,389.707,381.595,380.705,317.389,429.670,229.399],"handoff":[0.778,0.874,0.897,0.852,0.744,0.785,0.894],"open_stage":[41136.268,63897.869,18176.699,44856.828,41583.819,34449.499,37885.551,22806.833]},"memory":{"uploaded_tensors":1328,"uploaded_bytes":156142862684,"arena_bytes":[22524134668,21494393612,21494393612,21494393612,21494393612,17922654732,17901334540,11817197824]}}
