{"prompt_tokens":18,"generated_tokens":2,"total_input_tokens":19,"tokens":[{"id":926,"logit":35.250885,"text":"16","text_hex":"3136"},{"id":1,"logit":39.3052406,"text":"<пЅњendв–Ѓofв–ЃsentenceпЅњ>","text_hex":"3cefbd9c656e64e296816f66e2968173656e74656e6365efbd9c3e"}],"timing_ms":{"open_total":69853.657,"prompt_replay":3361.616,"continuation_decode":142.849,"output_head":8.808,"token_text":0.008,"total":3513.300,"prompt_tokens_per_second":5.354568,"continuation_tokens_per_second":7.000393,"generated_tokens_per_second":0.569265,"stage_decode":[1033.506,410.702,393.996,390.655,391.123,327.822,326.748,226.208],"handoff":[0.579,0.476,0.583,0.511,0.479,0.572,0.507],"open_stage":[62341.799,42261.453,64040.408,69826.850,63543.137,55582.920,39299.871,18523.322]},"memory":{"uploaded_tensors":1328,"uploaded_bytes":156142862684,"arena_bytes":[22524134668,21494393612,21494393612,21494393612,21494393612,17922654732,17901334540,11817197824]}}
