{"prompt_tokens":18,"generated_tokens":2,"total_input_tokens":19,"tokens":[{"id":926,"logit":35.2531052,"text":"16","text_hex":"3136"},{"id":1,"logit":39.3058395,"text":"<｜end▁of▁sentence｜>","text_hex":"3cefbd9c656e64e296816f66e2968173656e74656e6365efbd9c3e"}],"timing_ms":{"open_total":57719.031,"prompt_replay":3128.634,"continuation_decode":92.787,"output_head":5.199,"token_text":0.018,"total":3226.688,"prompt_tokens_per_second":5.753310,"continuation_tokens_per_second":10.777359,"generated_tokens_per_second":0.619831,"stage_decode":[1243.568,353.060,332.845,336.601,332.513,229.475,231.715,156.551],"stage_profile":{"hc_attn":[0.000,0.000,0.000,0.000,0.000,0.000,0.000,0.000],"attention":[0.000,0.000,0.000,0.000,0.000,0.000,0.000,0.000],"hc_ffn":[0.000,0.000,0.000,0.000,0.000,0.000,0.000,0.000],"ffn":[0.000,0.000,0.000,0.000,0.000,0.000,0.000,0.000],"hc_final":[0.000,0.000,0.000,0.000,0.000,0.000,0.000,0.000],"total":[0.000,0.000,0.000,0.000,0.000,0.000,0.000,0.000]},"handoff":[0.818,0.737,0.690,0.649,0.746,0.590,0.864],"open_stage":[40250.171,36087.468,57666.344,34823.828,34638.778,39857.802,44605.632,26743.104]},"memory":{"uploaded_tensors":8,"uploaded_bytes":156142896212,"arena_bytes":[22524134668,21494393612,21494393612,21494393612,21494393612,17922654732,17901334540,11817197824]}}
