{"prompt_tokens":18,"generated_tokens":2,"total_input_tokens":19,"tokens":[{"id":926,"logit":35.2573891,"text":"16","text_hex":"3136"},{"id":1,"logit":39.3077812,"text":"<｜end▁of▁sentence｜>","text_hex":"3cefbd9c656e64e296816f66e2968173656e74656e6365efbd9c3e"}],"timing_ms":{"open_total":67632.065,"prompt_replay":3129.177,"continuation_decode":90.128,"output_head":5.194,"token_text":0.016,"total":3224.554,"prompt_tokens_per_second":5.752312,"continuation_tokens_per_second":11.095340,"generated_tokens_per_second":0.620241,"stage_decode":[1306.911,326.386,326.514,316.490,324.974,243.808,224.602,146.018],"stage_profile":{"hc_attn":[0.000,0.000,0.000,0.000,0.000,0.000,0.000,0.000],"attention":[0.000,0.000,0.000,0.000,0.000,0.000,0.000,0.000],"hc_ffn":[0.000,0.000,0.000,0.000,0.000,0.000,0.000,0.000],"ffn":[0.000,0.000,0.000,0.000,0.000,0.000,0.000,0.000],"hc_final":[0.000,0.000,0.000,0.000,0.000,0.000,0.000,0.000],"total":[0.000,0.000,0.000,0.000,0.000,0.000,0.000,0.000]},"handoff":[0.540,0.537,0.476,0.559,0.559,0.461,0.469],"open_stage":[53785.681,54749.302,33146.962,67602.391,59351.364,38772.059,44428.090,25409.790]},"memory":{"uploaded_tensors":8,"uploaded_bytes":156142896212,"arena_bytes":[22524134668,21494393612,21494393612,21494393612,21494393612,17922654732,17901334540,11817197824]}}
