{"prompt_tokens":18,"generated_tokens":2,"total_input_tokens":19,"tokens":[{"id":926,"logit":35.250885,"text":"16","text_hex":"3136"},{"id":1,"logit":39.3052406,"text":"<пЅњendв–Ѓofв–ЃsentenceпЅњ>","text_hex":"3cefbd9c656e64e296816f66e2968173656e74656e6365efbd9c3e"}],"timing_ms":{"open_total":65403.391,"prompt_replay":3480.714,"continuation_decode":152.881,"output_head":7.584,"token_text":0.008,"total":3641.232,"prompt_tokens_per_second":5.171352,"continuation_tokens_per_second":6.541031,"generated_tokens_per_second":0.549265,"stage_decode":[1051.866,395.406,399.240,399.757,396.612,332.649,423.108,229.721],"handoff":[0.961,0.774,0.729,0.666,0.724,0.633,0.749],"open_stage":[65374.386,30065.185,24976.452,54444.797,48778.345,57610.527,17188.405,37961.667]},"memory":{"uploaded_tensors":1328,"uploaded_bytes":156142862684,"arena_bytes":[22524134668,21494393612,21494393612,21494393612,21494393612,17922654732,17901334540,11817197824]}}
