{"prompt_tokens":18,"generated_tokens":2,"total_input_tokens":19,"tokens":[{"id":926,"logit":35.250885,"text":"16","text_hex":"3136"},{"id":1,"logit":39.3052406,"text":"<пЅњendв–Ѓofв–ЃsentenceпЅњ>","text_hex":"3cefbd9c656e64e296816f66e2968173656e74656e6365efbd9c3e"}],"timing_ms":{"open_total":65403.391,"prompt_replay":2614.513,"continuation_decode":144.654,"output_head":5.954,"token_text":0.007,"total":2765.150,"prompt_tokens_per_second":6.884646,"continuation_tokens_per_second":6.913057,"generated_tokens_per_second":0.723288,"stage_decode":[365.919,368.837,368.821,369.192,368.605,308.722,392.664,212.461],"handoff":[0.646,0.504,0.431,0.613,0.572,0.552,0.628],"open_stage":[65374.386,30065.185,24976.452,54444.797,48778.345,57610.527,17188.405,37961.667]},"memory":{"uploaded_tensors":1328,"uploaded_bytes":156142862684,"arena_bytes":[22524134668,21494393612,21494393612,21494393612,21494393612,17922654732,17901334540,11817197824]}}
