{"backend": "tp_ep_launcher_http", "continuation_tok_s": 766.9255934361125, "continuation_tok_s_decode": 995.281607856347, "continuation_tokens": 6048, "ctx": 262144, "elapsed_s": 8.060057653000001, "generated_tok_s": 762.277425858507, "generated_tok_s_decode": 988.5657887199362, "generated_tokens": 6144, "generation_requests": 3, "gpu_mem_used_max_mib": 13184.0, "gpu_util_avg": 19.870535714285715, "gpu_util_max": 41.0, "schema": "ds4_v100_tp_ep_sustained_http_case.v2", "slots": 32, "status_200": 96, "token_match": 96, "token_mismatch": 0, "tokens_per_request": 64}
