{"aggregate_tokens_per_second": 0.3643057780870285, "concurrency": 4, "elapsed_s": 10.979787421994843, "errors": 0, "generated_token_total": 4, "host": "127.0.0.1", "latency_ms": {"avg": 9068.644937244244, "p50": 10977.93636098504, "p95": 10978.964085731423, "p99": 10979.074224372162}, "mode": "off", "mtpa_accepted": 0, "mtpa_attempted": 0, "port": 18149, "requests": 4, "schema": "ds4_v100_aggregate_throughput_case.v1", "status_200": 4, "status_413": 0, "status_429": 0, "status_other": 0, "token_match": 4, "token_mismatch": 0}
