{"aggregate_tokens_per_second": 0.3579270360007353, "concurrency": 2, "elapsed_s": 11.175462029059418, "errors": 0, "generated_token_total": 4, "host": "127.0.0.1", "latency_ms": {"avg": 4951.451621716842, "p50": 5586.760297475848, "p95": 6092.083007819019, "p99": 6092.2453967435285}, "mode": "off", "mtpa_accepted": 0, "mtpa_attempted": 0, "port": 18138, "requests": 4, "schema": "ds4_v100_aggregate_throughput_case.v1", "status_200": 4, "status_413": 0, "status_429": 0, "status_other": 0, "token_match": 4, "token_mismatch": 0}
