{"prompt_tokens":18,"generated_tokens":2,"total_input_tokens":19,"tokens":[{"id":926,"logit":35.2504807,"text":"16","text_hex":"3136"},{"id":1,"logit":39.3046379,"text":"<пЅњendв–Ѓofв–ЃsentenceпЅњ>","text_hex":"3cefbd9c656e64e296816f66e2968173656e74656e6365efbd9c3e"}],"timing_ms":{"open_total":57938.998,"prompt_replay":3350.592,"continuation_decode":131.715,"output_head":7.254,"token_text":0.008,"total":3489.602,"prompt_tokens_per_second":5.372185,"continuation_tokens_per_second":7.592159,"generated_tokens_per_second":0.573131,"stage_decode":[1110.484,363.297,363.827,362.661,364.844,305.508,394.965,211.115],"handoff":[0.749,0.608,0.582,0.987,0.842,0.802,1.035],"open_stage":[37919.877,41629.736,43960.528,57916.660,39620.113,42896.472,11192.152,8086.072]},"memory":{"uploaded_tensors":1328,"uploaded_bytes":156142862684,"arena_bytes":[22524134668,21494393612,21494393612,21494393612,21494393612,17922654732,17901334540,11817197824]}}
