{"aggregate_tokens_per_second": 0.3585795898302852, "concurrency": 2, "elapsed_s": 11.155124590033665, "errors": 0, "generated_token_total": 4, "host": "127.0.0.1", "latency_ms": {"avg": 5577.067623467883, "p50": 5576.883794972673, "p95": 6048.16147829406, "p99": 6048.257322059944}, "mode": "off", "mtpa_accepted": 0, "mtpa_attempted": 0, "port": 18139, "requests": 4, "schema": "ds4_v100_aggregate_throughput_case.v1", "status_200": 4, "status_413": 0, "status_429": 0, "status_other": 0, "token_match": 4, "token_mismatch": 0}
