{"prompt_tokens":18,"generated_tokens":2,"total_input_tokens":19,"tokens":[{"id":926,"logit":35.250885,"text":"16","text_hex":"3136"},{"id":1,"logit":39.3052406,"text":"<пЅњendв–Ѓofв–ЃsentenceпЅњ>","text_hex":"3cefbd9c656e64e296816f66e2968173656e74656e6365efbd9c3e"}],"timing_ms":{"open_total":71840.398,"prompt_replay":3421.932,"continuation_decode":142.908,"output_head":9.379,"token_text":0.005,"total":3574.254,"prompt_tokens_per_second":5.260186,"continuation_tokens_per_second":6.997499,"generated_tokens_per_second":0.559557,"stage_decode":[1096.146,382.349,381.697,381.852,380.414,318.078,399.471,219.443],"handoff":[0.838,0.737,0.701,0.729,0.745,0.835,0.805],"open_stage":[48799.930,31456.382,61670.053,59229.106,71810.893,62123.700,64796.391,51275.365]},"memory":{"uploaded_tensors":1328,"uploaded_bytes":156142862684,"arena_bytes":[22524134668,21494393612,21494393612,21494393612,21494393612,17922654732,17901334540,11817197824]}}
