{"prompt_tokens":18,"generated_tokens":2,"total_input_tokens":19,"tokens":[{"id":926,"logit":35.250885,"text":"16","text_hex":"3136"},{"id":1,"logit":39.3052406,"text":"<пЅњendв–Ѓofв–ЃsentenceпЅњ>","text_hex":"3cefbd9c656e64e296816f66e2968173656e74656e6365efbd9c3e"}],"timing_ms":{"open_total":62552.827,"prompt_replay":3980.479,"continuation_decode":144.746,"output_head":10.171,"token_text":0.024,"total":4135.464,"prompt_tokens_per_second":4.522069,"continuation_tokens_per_second":6.908673,"generated_tokens_per_second":0.483622,"stage_decode":[1277.876,430.173,435.248,443.068,434.781,373.690,472.010,249.642],"handoff":[1.442,1.059,1.059,1.257,1.317,1.243,1.359],"open_stage":[62520.217,61341.842,37596.436,33004.770,51690.850,21343.792,48899.369,8927.243]},"memory":{"uploaded_tensors":1328,"uploaded_bytes":156142862684,"arena_bytes":[22524134668,21494393612,21494393612,21494393612,21494393612,17922654732,17901334540,11817197824]}}
