{"prompt_tokens":18,"generated_tokens":2,"total_input_tokens":19,"tokens":[{"id":926,"logit":35.250885,"text":"16","text_hex":"3136"},{"id":1,"logit":39.3052406,"text":"<｜end▁of▁sentence｜>","text_hex":"3cefbd9c656e64e296816f66e2968173656e74656e6365efbd9c3e"}],"timing_ms":{"open_total":236983.424,"prompt_replay":3683.168,"continuation_decode":150.110,"output_head":6.865,"token_text":0.008,"total":3840.169,"prompt_tokens_per_second":4.887098,"continuation_tokens_per_second":6.661787,"generated_tokens_per_second":0.520810,"stage_decode":[1246.378,399.119,399.265,398.017,400.470,334.561,420.491,230.723],"handoff":[0.630,0.631,0.626,0.590,0.581,0.591,0.603],"open_stage":[25360.615,35359.594,41470.499,40598.752,35997.477,19361.460,21570.579,17243.963]},"memory":{"uploaded_tensors":1328,"uploaded_bytes":156142862684,"arena_bytes":[22524134668,21494393612,21494393612,21494393612,21494393612,17922654732,17901334540,11817197824]}}
