{"prompt_tokens":1024,"generated_tokens":2,"total_input_tokens":1025,"tokens":[{"id":926,"logit":23.6439781,"text":"16","text_hex":"3136"},{"id":926,"logit":24.0074673,"text":"16","text_hex":"3136"}],"timing_ms":{"open_total":58670.798,"prompt_replay":71203.549,"continuation_decode":70.017,"output_head":5.231,"token_text":0.011,"total":71280.504,"prompt_tokens_per_second":14.381306,"continuation_tokens_per_second":14.282227,"generated_tokens_per_second":0.028058,"stage_decode":[10497.333,9781.688,9821.666,9802.618,9787.269,8202.683,8137.685,5022.917],"stage_profile":{"hc_attn":[426.026,429.834,430.445,426.023,426.396,358.279,355.591,217.062],"attention":[5059.517,5299.041,5313.490,5303.797,5294.874,4459.506,4348.797,2700.244],"hc_ffn":[524.344,523.495,527.042,523.820,522.421,437.721,434.131,262.012],"ffn":[3087.175,2974.844,2983.951,2992.039,2976.123,2466.055,2478.797,1514.453],"hc_final":[60.908,61.222,61.714,60.898,62.945,52.372,52.469,31.395],"total":[9157.970,9288.436,9316.642,9306.576,9282.759,7773.933,7669.785,4725.167]},"handoff":[30.922,28.606,31.021,31.196,32.113,31.941,33.908],"open_stage":[58643.376,55957.863,57457.083,44280.791,37431.633,49319.679,50985.064,31081.729]},"memory":{"uploaded_tensors":8,"uploaded_bytes":156142896212,"arena_bytes":[22524134668,21494393612,21494393612,21494393612,21494393612,17922654732,17901334540,11817197824]}}
