{"cases": [{"backend": "tp_ep_launcher_http", "compose_copy_ms": 1741.6030850000002, "compose_final_ms": 1310.0210280000001, "compose_ms": 3585.726648, "compose_reduce_ms": 534.102535, "continuation_tok_s": 775.670776444131, "continuation_tok_s_decode": 1001.9803075511987, "continuation_tokens": 6048, "ctx": 262144, "dense_ms": 0.0, "elapsed_s": 7.966019284, "ep_ms": 2585.2588, "generated_tok_s": 771.2760641115215, "generated_tok_s_decode": 995.3887759541694, "generated_tokens": 6144, "generation_requests": 3, "gpu_mem_used_max_mib": 13184.0, "gpu_util_avg": 16.410714285714285, "gpu_util_max": 33.0, "schema": "ds4_v100_tp_ep_sustained_http_case.v3", "slots": 32, "status_200": 96, "token_match": 96, "token_mismatch": 0, "tokens_per_request": 64}], "schema": "ds4_v100_tp_ep_sustained_http.v3"}
