{"prompt_tokens":18,"generated_tokens":2,"total_input_tokens":19,"tokens":[{"id":926,"logit":35.2499924,"text":"16","text_hex":"3136"},{"id":1,"logit":39.3030853,"text":"<｜end▁of▁sentence｜>","text_hex":"3cefbd9c656e64e296816f66e2968173656e74656e6365efbd9c3e"}],"timing_ms":{"open_total":55836.832,"prompt_replay":3196.240,"continuation_decode":101.198,"output_head":5.647,"token_text":0.005,"total":3303.147,"prompt_tokens_per_second":5.631616,"continuation_tokens_per_second":9.881618,"generated_tokens_per_second":0.605483,"stage_decode":[1141.050,350.265,352.535,355.411,417.171,260.643,253.720,162.254],"stage_profile":{"hc_attn":[0.000,0.000,0.000,0.000,0.000,0.000,0.000,0.000],"attention":[0.000,0.000,0.000,0.000,0.000,0.000,0.000,0.000],"hc_ffn":[0.000,0.000,0.000,0.000,0.000,0.000,0.000,0.000],"ffn":[0.000,0.000,0.000,0.000,0.000,0.000,0.000,0.000],"hc_final":[0.000,0.000,0.000,0.000,0.000,0.000,0.000,0.000],"total":[0.000,0.000,0.000,0.000,0.000,0.000,0.000,0.000]},"handoff":[0.578,0.668,0.546,0.561,0.694,0.615,0.725],"open_stage":[49982.920,39606.491,55646.330,24227.810,45274.719,55777.542,41875.180,42039.451]},"memory":{"uploaded_tensors":8,"uploaded_bytes":156142896212,"arena_bytes":[22524134668,21494393612,21494393612,21494393612,21494393612,17922654732,17901334540,11817197824]}}
