{"prompt_tokens":18,"generated_tokens":2,"total_input_tokens":19,"tokens":[{"id":926,"logit":35.2481461,"text":"16","text_hex":"3136"},{"id":1,"logit":39.3048096,"text":"<｜end▁of▁sentence｜>","text_hex":"3cefbd9c656e64e296816f66e2968173656e74656e6365efbd9c3e"}],"timing_ms":{"open_total":52882.326,"prompt_replay":3068.571,"continuation_decode":98.732,"output_head":5.410,"token_text":0.015,"total":3172.790,"prompt_tokens_per_second":5.865922,"continuation_tokens_per_second":10.128435,"generated_tokens_per_second":0.630360,"stage_decode":[1174.628,347.800,327.166,340.690,347.787,234.234,236.120,154.898],"stage_profile":{"hc_attn":[0.000,0.000,0.000,0.000,0.000,0.000,0.000,0.000],"attention":[0.000,0.000,0.000,0.000,0.000,0.000,0.000,0.000],"hc_ffn":[0.000,0.000,0.000,0.000,0.000,0.000,0.000,0.000],"ffn":[0.000,0.000,0.000,0.000,0.000,0.000,0.000,0.000],"hc_final":[0.000,0.000,0.000,0.000,0.000,0.000,0.000,0.000],"total":[0.000,0.000,0.000,0.000,0.000,0.000,0.000,0.000]},"handoff":[0.609,0.682,0.527,0.667,0.524,0.471,0.500],"open_stage":[46924.962,28410.908,52823.629,45680.579,22800.447,51644.215,40470.503,36858.943]},"memory":{"uploaded_tensors":8,"uploaded_bytes":156142896212,"arena_bytes":[22524134668,21494393612,21494393612,21494393612,21494393612,17922654732,17901334540,11817197824]}}
