{"aggregate_tokens_per_second": 0.6614873432507595, "concurrency": 2, "elapsed_s": 12.093957778066397, "errors": 0, "generated_token_total": 8, "host": "127.0.0.1", "latency_ms": {"avg": 5375.428472994827, "p50": 6046.421259525232, "p95": 6724.823693343205, "p99": 6724.91686662077}, "mode": "off", "mtpa_accepted": 0, "mtpa_attempted": 0, "port": 18140, "requests": 4, "schema": "ds4_v100_aggregate_throughput_case.v1", "status_200": 4, "status_413": 0, "status_429": 0, "status_other": 0, "token_match": 4, "token_mismatch": 0}
