{"aggregate_tokens_per_second": 0.3245942834927634, "concurrency": 8, "elapsed_s": 12.32307592406869, "errors": 0, "generated_token_total": 4, "host": "127.0.0.1", "latency_ms": {"avg": 10898.724446509732, "p50": 12321.075085958, "p95": 12322.473096853355, "p99": 12322.579933834495}, "mode": "off", "mtpa_accepted": 0, "mtpa_attempted": 0, "port": 18203, "requests": 4, "schema": "ds4_v100_aggregate_throughput_case.v1", "status_200": 4, "status_413": 0, "status_429": 0, "status_other": 0, "token_match": 4, "token_mismatch": 0}
