{"aggregate_tokens_per_second": 0.3529901766337244, "concurrency": 1, "elapsed_s": 11.331760102068074, "errors": 0, "generated_token_total": 4, "host": "127.0.0.1", "latency_ms": {"avg": 2832.7231644652784, "p50": 2619.8746669106185, "p95": 3349.1816363413814, "p99": 3452.0680224732496}, "mode": "off", "mtpa_accepted": 0, "mtpa_attempted": 0, "port": 18120, "requests": 4, "schema": "ds4_v100_aggregate_throughput_case.v1", "status_200": 4, "status_413": 0, "status_429": 0, "status_other": 0, "token_match": 4, "token_mismatch": 0}
