{"prompt_tokens":18,"generated_tokens":1,"total_input_tokens":18,"tokens":[{"id":926,"logit":35.250885,"text":"16","text_hex":"3136"}],"timing_ms":{"open_total":280812.482,"prompt_replay":2679.759,"continuation_decode":0.000,"output_head":2.887,"token_text":0.004,"total":2682.674,"prompt_tokens_per_second":6.717022,"continuation_tokens_per_second":0.000000,"generated_tokens_per_second":0.372762,"stage_decode":[354.508,356.053,357.142,355.848,356.073,297.179,388.199,209.326],"handoff":[0.769,0.822,0.908,0.719,0.793,0.731,0.688],"open_stage":[39394.870,43593.154,48648.838,42119.417,35033.994,32026.882,31873.986,8101.382]},"memory":{"uploaded_tensors":1328,"uploaded_bytes":156142862684,"arena_bytes":[22524134668,21494393612,21494393612,21494393612,21494393612,17922654732,17901334540,11817197824]}}
