{"prompt_tokens":18,"generated_tokens":1,"total_input_tokens":18,"tokens":[{"id":926,"logit":35.250885,"text":"16","text_hex":"3136"}],"timing_ms":{"open_total":280812.482,"prompt_replay":3904.248,"continuation_decode":0.000,"output_head":3.798,"token_text":0.002,"total":3908.086,"prompt_tokens_per_second":4.610363,"continuation_tokens_per_second":0.000000,"generated_tokens_per_second":0.255880,"stage_decode":[1253.563,394.522,409.109,413.645,411.363,341.090,441.304,231.836],"handoff":[1.020,1.085,1.234,1.408,1.082,1.068,0.919],"open_stage":[39394.870,43593.154,48648.838,42119.417,35033.994,32026.882,31873.986,8101.382]},"memory":{"uploaded_tensors":1328,"uploaded_bytes":156142862684,"arena_bytes":[22524134668,21494393612,21494393612,21494393612,21494393612,17922654732,17901334540,11817197824]}}
