{"prompt_tokens":18,"generated_tokens":2,"total_input_tokens":19,"tokens":[{"id":926,"logit":35.250885,"text":"16","text_hex":"3136"},{"id":1,"logit":39.3052406,"text":"<｜end▁of▁sentence｜>","text_hex":"3cefbd9c656e64e296816f66e2968173656e74656e6365efbd9c3e"}],"timing_ms":{"open_total":300366.982,"prompt_replay":3666.014,"continuation_decode":145.205,"output_head":7.263,"token_text":0.019,"total":3818.520,"prompt_tokens_per_second":4.909965,"continuation_tokens_per_second":6.886811,"generated_tokens_per_second":0.523763,"stage_decode":[1213.290,403.952,401.158,399.343,397.724,335.993,425.377,229.281],"handoff":[0.794,0.845,0.794,0.734,0.706,0.669,0.560],"open_stage":[26493.766,33672.430,41208.518,58651.251,54067.706,35722.173,36588.139,13941.298]},"memory":{"uploaded_tensors":1328,"uploaded_bytes":156142862684,"arena_bytes":[22524134668,21494393612,21494393612,21494393612,21494393612,17922654732,17901334540,11817197824]}}
