{"prompt_tokens":18,"generated_tokens":2,"total_input_tokens":19,"tokens":[{"id":926,"logit":35.250885,"text":"16","text_hex":"3136"},{"id":1,"logit":39.3052406,"text":"<пЅњendв–Ѓofв–ЃsentenceпЅњ>","text_hex":"3cefbd9c656e64e296816f66e2968173656e74656e6365efbd9c3e"}],"timing_ms":{"open_total":300366.982,"prompt_replay":2619.728,"continuation_decode":144.025,"output_head":5.727,"token_text":0.007,"total":2769.509,"prompt_tokens_per_second":6.870944,"continuation_tokens_per_second":6.943244,"generated_tokens_per_second":0.722150,"stage_decode":[367.875,369.388,370.551,369.517,368.772,308.463,393.123,211.994],"handoff":[0.649,0.590,0.569,0.530,0.612,0.491,0.630],"open_stage":[26493.766,33672.430,41208.518,58651.251,54067.706,35722.173,36588.139,13941.298]},"memory":{"uploaded_tensors":1328,"uploaded_bytes":156142862684,"arena_bytes":[22524134668,21494393612,21494393612,21494393612,21494393612,17922654732,17901334540,11817197824]}}
