{"aggregate_tokens_per_second": 0.6879628462659632, "concurrency": 2, "elapsed_s": 11.628534946939908, "errors": 0, "generated_token_total": 8, "host": "127.0.0.1", "latency_ms": {"avg": 5149.149631994078, "p50": 5812.509945477359, "p95": 6313.7077087129, "p99": 6313.921442507999}, "mode": "verify", "mtpa_accepted": 4, "mtpa_attempted": 4, "port": 18141, "requests": 4, "schema": "ds4_v100_aggregate_throughput_case.v1", "status_200": 4, "status_413": 0, "status_429": 0, "status_other": 0, "token_match": 4, "token_mismatch": 0}
