{"prompt_tokens":4096,"generated_tokens":2,"total_input_tokens":4097,"tokens":[{"id":271,"logit":17.791853,"text":"\n\n","text_hex":"0a0a"},{"id":5,"logit":19.2833748,"text":"#","text_hex":"23"}],"timing_ms":{"open_total":52674.583,"prompt_replay":288102.638,"continuation_decode":74.882,"output_head":5.009,"token_text":0.006,"total":288189.654,"prompt_tokens_per_second":14.217155,"continuation_tokens_per_second":13.354373,"generated_tokens_per_second":0.006940,"stage_decode":[38176.502,38836.970,38837.897,38926.719,38555.177,42646.587,31632.196,19903.468],"stage_profile":{"hc_attn":[0.000,0.000,0.000,0.000,0.000,0.000,0.000,0.000],"attention":[0.000,0.000,0.000,0.000,0.000,0.000,0.000,0.000],"hc_ffn":[0.000,0.000,0.000,0.000,0.000,0.000,0.000,0.000],"ffn":[0.000,0.000,0.000,0.000,0.000,0.000,0.000,0.000],"hc_final":[0.000,0.000,0.000,0.000,0.000,0.000,0.000,0.000],"total":[0.000,0.000,0.000,0.000,0.000,0.000,0.000,0.000]},"handoff":[105.842,97.426,95.164,88.906,90.960,94.453,89.251],"open_stage":[47148.483,47679.575,52653.908,49295.445,50109.670,31019.070,40846.242,29714.635]},"memory":{"uploaded_tensors":8,"uploaded_bytes":156142896212,"arena_bytes":[22524134668,21494393612,21494393612,21494393612,21494393612,17922654732,17901334540,11817197824]}}
