{"aggregate_tokens_per_second": 0.34234618037585757, "concurrency": 1, "elapsed_s": 11.684079534956254, "errors": 0, "generated_token_total": 4, "host": "127.0.0.1", "latency_ms": {"avg": 2920.8036537165754, "p50": 2625.9157694876194, "p95": 3639.486725768074, "p99": 3782.466769935563}, "mode": "off", "mtpa_accepted": 0, "mtpa_attempted": 0, "port": 18145, "requests": 4, "schema": "ds4_v100_aggregate_throughput_case.v1", "status_200": 4, "status_413": 0, "status_429": 0, "status_other": 0, "token_match": 4, "token_mismatch": 0}
