{"cases": [{"backend": "tp_ep_launcher_http", "compose_copy_ms": 891.831766, "compose_final_ms": 644.336286, "compose_ms": 1803.836959, "compose_reduce_ms": 267.668907, "continuation_tok_s": 766.5511443526244, "continuation_tok_s_decode": 996.9782507137668, "continuation_tokens": 2976, "ctx": 262144, "dense_ms": 0.0, "elapsed_s": 4.05755687, "ep_ms": 1320.858037, "generated_tok_s": 757.1058394062632, "generated_tok_s_decode": 982.8108924712384, "generated_tokens": 3072, "generation_requests": 3, "gpu_mem_used_max_mib": 13184.0, "gpu_util_avg": 15.241666666666667, "gpu_util_max": 32.0, "schema": "ds4_v100_tp_ep_sustained_http_case.v3", "slots": 32, "status_200": 96, "token_match": 96, "token_mismatch": 0, "tokens_per_request": 32}], "schema": "ds4_v100_tp_ep_sustained_http.v3"}
