{"prompt_tokens":1024,"generated_tokens":2,"total_input_tokens":1025,"tokens":[{"id":926,"logit":22.5429497,"text":"16","text_hex":"3136"},{"id":926,"logit":26.9651737,"text":"16","text_hex":"3136"}],"timing_ms":{"open_total":53486.933,"prompt_replay":66906.128,"continuation_decode":65.668,"output_head":4.921,"token_text":0.335,"total":66978.524,"prompt_tokens_per_second":15.305026,"continuation_tokens_per_second":15.228124,"generated_tokens_per_second":0.029860,"stage_decode":[9764.011,9218.448,9214.111,9216.359,9225.748,7775.047,7675.300,4719.004],"stage_profile":{"hc_attn":[0.000,0.000,0.000,0.000,0.000,0.000,0.000,0.000],"attention":[0.000,0.000,0.000,0.000,0.000,0.000,0.000,0.000],"hc_ffn":[0.000,0.000,0.000,0.000,0.000,0.000,0.000,0.000],"ffn":[0.000,0.000,0.000,0.000,0.000,0.000,0.000,0.000],"hc_final":[0.000,0.000,0.000,0.000,0.000,0.000,0.000,0.000],"total":[0.000,0.000,0.000,0.000,0.000,0.000,0.000,0.000]},"handoff":[25.249,23.627,21.458,22.532,24.287,22.811,23.805],"open_stage":[32477.300,37727.001,49466.382,49381.552,53453.852,19285.031,49482.321,41087.562]},"memory":{"uploaded_tensors":8,"uploaded_bytes":156142896212,"arena_bytes":[22524134668,21494393612,21494393612,21494393612,21494393612,17922654732,17901334540,11817197824]}}
