{"cases": [{"aggregate_tokens_per_second": 0.3726758648206846, "concurrency": 2, "elapsed_s": 21.466375355026685, "errors": 0, "generated_token_total": 8, "host": "127.0.0.1", "latency_ms": {"avg": 5047.466524003539, "p50": 5097.804172954056, "p95": 6174.8360379599035, "p99": 6174.961866028607}, "mode": "off", "mtpa_accepted": 0, "mtpa_attempted": 0, "port": 18120, "requests": 8, "schema": "ds4_v100_aggregate_throughput_case.v1", "status_200": 8, "status_413": 0, "status_429": 0, "status_other": 0, "token_match": 8, "token_mismatch": 0}, {"aggregate_tokens_per_second": 0.3746951799038385, "concurrency": 2, "elapsed_s": 21.35068831697572, "errors": 0, "generated_token_total": 8, "host": "127.0.0.1", "latency_ms": {"avg": 5016.557735347305, "p50": 5121.3097689906135, "p95": 5682.21783117624, "p99": 5922.168610228691}, "mode": "off", "mtpa_accepted": 0, "mtpa_attempted": 0, "port": 18121, "requests": 8, "schema": "ds4_v100_aggregate_throughput_case.v1", "status_200": 8, "status_413": 0, "status_429": 0, "status_other": 0, "token_match": 8, "token_mismatch": 0}], "schema": "ds4_v100_aggregate_throughput.v1"}
