{"prompt_tokens":18,"generated_tokens":2,"total_input_tokens":19,"tokens":[{"id":926,"logit":35.2504807,"text":"16","text_hex":"3136"},{"id":1,"logit":39.3046379,"text":"<пЅњendв–Ѓofв–ЃsentenceпЅњ>","text_hex":"3cefbd9c656e64e296816f66e2968173656e74656e6365efbd9c3e"}],"timing_ms":{"open_total":59185.188,"prompt_replay":3309.627,"continuation_decode":131.316,"output_head":6.769,"token_text":0.006,"total":3447.743,"prompt_tokens_per_second":5.438679,"continuation_tokens_per_second":7.615223,"generated_tokens_per_second":0.580090,"stage_decode":[1030.536,382.288,368.967,366.894,368.024,308.678,396.814,213.062],"handoff":[0.878,0.977,0.848,0.854,0.780,0.665,0.677],"open_stage":[57647.426,59157.465,37726.544,44222.695,23436.079,18533.115,11691.482,8530.182]},"memory":{"uploaded_tensors":1328,"uploaded_bytes":156142862684,"arena_bytes":[22524134668,21494393612,21494393612,21494393612,21494393612,17922654732,17901334540,11817197824]}}
