{"prompt_tokens":18,"generated_tokens":1,"total_input_tokens":18,"tokens":[{"id":926,"logit":35.250885,"text":"16","text_hex":"3136"}],"timing_ms":{"open_total":288185.542,"prompt_replay":3626.677,"continuation_decode":0.000,"output_head":4.301,"token_text":0.004,"total":3630.999,"prompt_tokens_per_second":4.963221,"continuation_tokens_per_second":0.000000,"generated_tokens_per_second":0.275406,"stage_decode":[1198.994,373.865,374.722,373.417,373.819,313.938,398.344,215.750],"handoff":[0.603,0.543,0.539,0.590,0.533,0.484,0.534],"open_stage":[62531.770,35115.931,46063.758,44686.124,25758.310,20726.896,31451.855,21830.977]},"memory":{"uploaded_tensors":1328,"uploaded_bytes":156142862684,"arena_bytes":[22524134668,21494393612,21494393612,21494393612,21494393612,17922654732,17901334540,11817197824]}}
