{"prompt_tokens":18,"generated_tokens":1,"total_input_tokens":18,"tokens":[{"id":926,"logit":35.250885,"text":"16","text_hex":"3136"}],"timing_ms":{"open_total":288185.542,"prompt_replay":2619.085,"continuation_decode":0.000,"output_head":4.188,"token_text":0.008,"total":2623.295,"prompt_tokens_per_second":6.872629,"continuation_tokens_per_second":0.000000,"generated_tokens_per_second":0.381200,"stage_decode":[347.957,351.911,350.069,349.773,349.612,292.001,370.241,203.619],"handoff":[0.643,0.506,0.558,0.606,0.633,0.514,0.440],"open_stage":[62531.770,35115.931,46063.758,44686.124,25758.310,20726.896,31451.855,21830.977]},"memory":{"uploaded_tensors":1328,"uploaded_bytes":156142862684,"arena_bytes":[22524134668,21494393612,21494393612,21494393612,21494393612,17922654732,17901334540,11817197824]}}
