{"prompt_tokens":1024,"generated_tokens":2,"total_input_tokens":1025,"tokens":[{"id":926,"logit":21.3108692,"text":"16","text_hex":"3136"},{"id":926,"logit":23.9451199,"text":"16","text_hex":"3136"}],"timing_ms":{"open_total":59141.815,"prompt_replay":66185.164,"continuation_decode":65.823,"output_head":5.026,"token_text":5.745,"total":66263.103,"prompt_tokens_per_second":15.471745,"continuation_tokens_per_second":15.192258,"generated_tokens_per_second":0.030183,"stage_decode":[9635.488,9155.346,9151.645,9121.420,9100.505,7677.056,7562.179,4685.514],"stage_profile":{"hc_attn":[0.000,0.000,0.000,0.000,0.000,0.000,0.000,0.000],"attention":[0.000,0.000,0.000,0.000,0.000,0.000,0.000,0.000],"hc_ffn":[0.000,0.000,0.000,0.000,0.000,0.000,0.000,0.000],"ffn":[0.000,0.000,0.000,0.000,0.000,0.000,0.000,0.000],"hc_final":[0.000,0.000,0.000,0.000,0.000,0.000,0.000,0.000],"total":[0.000,0.000,0.000,0.000,0.000,0.000,0.000,0.000]},"handoff":[24.836,22.751,22.452,22.972,23.090,23.192,22.541],"open_stage":[50931.700,59107.491,54068.839,35396.481,56275.728,44394.289,47712.440,42164.198]},"memory":{"uploaded_tensors":8,"uploaded_bytes":156142896212,"arena_bytes":[22524134668,21494393612,21494393612,21494393612,21494393612,17922654732,17901334540,11817197824]}}
