{"cases": [{"aggregate_tokens_per_second": 0.3479202204024946, "concurrency": 1, "elapsed_s": 11.496888555004261, "errors": 0, "generated_token_total": 4, "host": "127.0.0.1", "latency_ms": {"avg": 2874.066549760755, "p50": 2613.3425715379417, "p95": 3503.2778832945037, "p99": 3628.5150382458232}, "mode": "off", "mtpa_accepted": 0, "mtpa_attempted": 0, "port": 18200, "requests": 4, "schema": "ds4_v100_aggregate_throughput_case.v1", "status_200": 4, "status_413": 0, "status_429": 0, "status_other": 0, "token_match": 4, "token_mismatch": 0}, {"aggregate_tokens_per_second": 0.3536070998739529, "concurrency": 1, "elapsed_s": 11.311990063055418, "errors": 0, "generated_token_total": 4, "host": "127.0.0.1", "latency_ms": {"avg": 2827.782475244021, "p50": 2621.013994968962, "p95": 3328.0456589534874, "p99": 3427.60231340304}, "mode": "off", "mtpa_accepted": 0, "mtpa_attempted": 0, "port": 18201, "requests": 4, "schema": "ds4_v100_aggregate_throughput_case.v1", "status_200": 4, "status_413": 0, "status_429": 0, "status_other": 0, "token_match": 4, "token_mismatch": 0}, {"aggregate_tokens_per_second": 0.32675460156165986, "concurrency": 8, "elapsed_s": 12.241602661088109, "errors": 0, "generated_token_total": 4, "host": "127.0.0.1", "latency_ms": {"avg": 10089.15679671918, "p50": 12239.74232643377, "p95": 12240.916250401642, "p99": 12241.063812493812}, "mode": "off", "mtpa_accepted": 0, "mtpa_attempted": 0, "port": 18202, "requests": 4, "schema": "ds4_v100_aggregate_throughput_case.v1", "status_200": 4, "status_413": 0, "status_429": 0, "status_other": 0, "token_match": 4, "token_mismatch": 0}, {"aggregate_tokens_per_second": 0.3245942834927634, "concurrency": 8, "elapsed_s": 12.32307592406869, "errors": 0, "generated_token_total": 4, "host": "127.0.0.1", "latency_ms": {"avg": 10898.724446509732, "p50": 12321.075085958, "p95": 12322.473096853355, "p99": 12322.579933834495}, "mode": "off", "mtpa_accepted": 0, "mtpa_attempted": 0, "port": 18203, "requests": 4, "schema": "ds4_v100_aggregate_throughput_case.v1", "status_200": 4, "status_413": 0, "status_429": 0, "status_other": 0, "token_match": 4, "token_mismatch": 0}], "schema": "ds4_v100_aggregate_throughput.v1"}
