{"aggregate_tokens_per_second": 0.32271573800398207, "concurrency": 8, "elapsed_s": 12.394809204968624, "errors": 0, "generated_token_total": 4, "host": "127.0.0.1", "latency_ms": {"avg": 9529.885565018049, "p50": 9530.214936996344, "p95": 12393.620536650997, "p99": 12393.704608173575}, "mode": "off", "mtpa_accepted": 0, "mtpa_attempted": 0, "port": 18151, "requests": 4, "schema": "ds4_v100_aggregate_throughput_case.v1", "status_200": 4, "status_413": 0, "status_429": 0, "status_other": 0, "token_match": 4, "token_mismatch": 0}
