{"prompt_tokens":18,"generated_tokens":1,"total_input_tokens":18,"tokens":[{"id":926,"logit":35.250885,"text":"16","text_hex":"3136"}],"timing_ms":{"open_total":71262.590,"prompt_replay":3506.641,"continuation_decode":0.000,"output_head":4.266,"token_text":0.003,"total":3510.932,"prompt_tokens_per_second":5.133118,"continuation_tokens_per_second":0.000000,"generated_tokens_per_second":0.284825,"stage_decode":[1152.781,381.528,375.825,373.003,375.895,314.272,310.729,218.515],"handoff":[0.739,0.625,0.488,0.528,0.599,0.484,0.629],"open_stage":[71235.053,63863.064,51573.396,62241.948,59349.451,49016.773,50312.053,42082.383]},"memory":{"uploaded_tensors":1328,"uploaded_bytes":156142862684,"arena_bytes":[22524134668,21494393612,21494393612,21494393612,21494393612,17922654732,17901334540,11817197824]}}
