{"prompt_tokens":256,"generated_tokens":2,"total_input_tokens":257,"tokens":[{"id":3955,"logit":21.2270584,"text":"\",\n","text_hex":"222c0a"},{"id":361,"logit":25.3406448,"text":"   ","text_hex":"202020"}],"timing_ms":{"open_total":51488.999,"prompt_replay":15838.968,"continuation_decode":57.899,"output_head":5.095,"token_text":0.006,"total":15902.251,"prompt_tokens_per_second":16.162669,"continuation_tokens_per_second":17.271478,"generated_tokens_per_second":0.125768,"stage_decode":[2915.202,2083.872,2087.326,2117.480,2074.391,1756.314,1731.736,1088.321],"stage_profile":{"hc_attn":[0.000,0.000,0.000,0.000,0.000,0.000,0.000,0.000],"attention":[0.000,0.000,0.000,0.000,0.000,0.000,0.000,0.000],"hc_ffn":[0.000,0.000,0.000,0.000,0.000,0.000,0.000,0.000],"ffn":[0.000,0.000,0.000,0.000,0.000,0.000,0.000,0.000],"hc_final":[0.000,0.000,0.000,0.000,0.000,0.000,0.000,0.000],"total":[0.000,0.000,0.000,0.000,0.000,0.000,0.000,0.000]},"handoff":[5.929,6.116,6.145,5.490,6.428,6.102,6.014],"open_stage":[48578.354,35625.017,49601.505,47115.093,51455.051,37059.637,43561.220,29117.970]},"memory":{"uploaded_tensors":8,"uploaded_bytes":156142896212,"arena_bytes":[22524134668,21494393612,21494393612,21494393612,21494393612,17922654732,17901334540,11817197824]}}
