{"aggregate_tokens_per_second": 0.3179607964066703, "concurrency": 8, "elapsed_s": 12.580167257110588, "errors": 0, "generated_token_total": 4, "host": "127.0.0.1", "latency_ms": {"avg": 10440.193756279768, "p50": 12577.993054524995, "p95": 12578.488655737601, "p99": 12578.532491973601}, "mode": "off", "mtpa_accepted": 0, "mtpa_attempted": 0, "port": 18167, "requests": 4, "schema": "ds4_v100_aggregate_throughput_case.v1", "status_200": 4, "status_413": 0, "status_429": 0, "status_other": 0, "token_match": 4, "token_mismatch": 0}
