{"prompt_tokens":256,"generated_tokens":2,"total_input_tokens":257,"tokens":[{"id":3955,"logit":20.8668499,"text":"\",\n","text_hex":"222c0a"},{"id":361,"logit":25.2637482,"text":"   ","text_hex":"202020"}],"timing_ms":{"open_total":50588.960,"prompt_replay":20170.419,"continuation_decode":83.066,"output_head":5.654,"token_text":10.036,"total":20269.527,"prompt_tokens_per_second":12.691853,"continuation_tokens_per_second":12.038632,"generated_tokens_per_second":0.098670,"stage_decode":[3117.679,3028.859,3017.423,3008.561,2994.217,1929.473,1915.060,1188.647],"stage_profile":{"hc_attn":[0.000,0.000,0.000,0.000,0.000,0.000,0.000,0.000],"attention":[0.000,0.000,0.000,0.000,0.000,0.000,0.000,0.000],"hc_ffn":[0.000,0.000,0.000,0.000,0.000,0.000,0.000,0.000],"ffn":[0.000,0.000,0.000,0.000,0.000,0.000,0.000,0.000],"hc_final":[0.000,0.000,0.000,0.000,0.000,0.000,0.000,0.000],"total":[0.000,0.000,0.000,0.000,0.000,0.000,0.000,0.000]},"handoff":[7.781,7.633,7.718,7.945,7.122,7.435,7.933],"open_stage":[45376.849,49037.176,49195.267,26633.067,50567.414,47259.618,48950.134,29781.011]},"memory":{"uploaded_tensors":8,"uploaded_bytes":156142896212,"arena_bytes":[22524134668,21494393612,21494393612,21494393612,21494393612,17922654732,17901334540,11817197824]}}
