{"aggregate_tokens_per_second": 0.3530308827167629, "concurrency": 1, "elapsed_s": 11.330453498056158, "errors": 0, "generated_token_total": 4, "host": "127.0.0.1", "latency_ms": {"avg": 2832.400229963241, "p50": 2617.6632054848596, "p95": 3349.24242895795, "p99": 3452.4313545203768}, "mode": "off", "mtpa_accepted": 0, "mtpa_attempted": 0, "port": 18136, "requests": 4, "schema": "ds4_v100_aggregate_throughput_case.v1", "status_200": 4, "status_413": 0, "status_429": 0, "status_other": 0, "token_match": 4, "token_mismatch": 0}
