{"prompt_tokens":18,"generated_tokens":1,"total_input_tokens":18,"tokens":[{"id":926,"logit":35.2490501,"text":"16","text_hex":"3136"}],"timing_ms":{"open_total":65032.530,"prompt_replay":3393.256,"continuation_decode":0.000,"output_head":3.269,"token_text":0.005,"total":3396.582,"prompt_tokens_per_second":5.304639,"continuation_tokens_per_second":0.000000,"generated_tokens_per_second":0.294414,"stage_decode":[1496.487,314.852,317.252,325.504,327.706,228.574,225.958,151.911],"stage_profile":{"hc_attn":[0.000,0.000,0.000,0.000,0.000,0.000,0.000,0.000],"attention":[0.000,0.000,0.000,0.000,0.000,0.000,0.000,0.000],"hc_ffn":[0.000,0.000,0.000,0.000,0.000,0.000,0.000,0.000],"ffn":[0.000,0.000,0.000,0.000,0.000,0.000,0.000,0.000],"hc_final":[0.000,0.000,0.000,0.000,0.000,0.000,0.000,0.000],"total":[0.000,0.000,0.000,0.000,0.000,0.000,0.000,0.000]},"handoff":[0.694,0.798,0.614,0.566,0.805,0.782,0.751],"open_stage":[65011.279,57502.605,39563.262,8065.866,53316.359,55567.872,54745.403,38614.503]},"memory":{"uploaded_tensors":8,"uploaded_bytes":156142896212,"arena_bytes":[22524134668,21494393612,21494393612,21494393612,21494393612,17922654732,17901334540,11817197824]}}
