{"aggregate_tokens_per_second": 0.32295978903817724, "concurrency": 8, "elapsed_s": 12.38544281909708, "errors": 0, "generated_token_total": 4, "host": "127.0.0.1", "latency_ms": {"avg": 10234.216804470634, "p50": 9518.042980984319, "p95": 11954.160941811278, "p99": 12297.941807573661}, "mode": "off", "mtpa_accepted": 0, "mtpa_attempted": 0, "port": 18142, "requests": 4, "schema": "ds4_v100_aggregate_throughput_case.v1", "status_200": 4, "status_413": 0, "status_429": 0, "status_other": 0, "token_match": 4, "token_mismatch": 0}
