{
  "candidate": {
    "client_generated_tok_s": 7.922564755228921,
    "failure_count": 0,
    "gpu_sample_count": 1440,
    "gpu_util_avg": 6.273611111111111,
    "gpu_util_max": 25.0,
    "http_200": 28,
    "output_head_first_token": 25689,
    "ready": true,
    "requests": 28,
    "response_00_sequence": [
      32461,
      124727,
      73288,
      123477,
      107880,
      63104,
      95158,
      32974,
      58572,
      32974,
      33611,
      26343,
      1853,
      123477,
      110614,
      70623,
      64811,
      118187,
      3090,
      23824,
      14868,
      39913,
      6256,
      50615,
      27623,
      32461,
      43048,
      90042,
      128818,
      117160,
      25689,
      91569
    ],
    "scaffold_sum_ep_ms": 450.805272,
    "scaffold_sum_hc_current_input_ms": 847.411614,
    "scaffold_sum_pre_ep_attention_output_ms": 422.604024,
    "scaffold_sum_pre_ep_attention_projection_ms": 56.80871,
    "scaffold_sum_pre_ep_attention_state_ms": 40.858897,
    "scaffold_sum_pre_ep_compressed_kv_ms": 60.495492,
    "scaffold_sum_pre_ep_post_attention_ffn_input_ms": 128.822428,
    "server_continuation_tok_s_decode": 20.597899,
    "server_generated_tok_s_decode": 20.624419,
    "tokens": 32,
    "vram_after_lazy_output_head_close_min_free_mib": 1924,
    "vram_failures": 0,
    "vram_min_free_mib": 1790,
    "vram_nccl_after_lazy_output_head_close_min_free_mib": 1924
  },
  "candidate_active": true,
  "candidate_dir": "/workspace/logs/sprint413-post-attn-slot28-http-ab/candidate/none-hc-nccl-allgather-hc-stream-sync-attention-output-nccl-allgather-post-attention-ffn-input-model-router-no-route-plan-async-upload-compact-moe",
  "candidate_profile_returncode": 0,
  "candidate_readiness_returncode": 0,
  "candidate_reserve_blocked": false,
  "candidate_served": true,
  "control": {
    "client_generated_tok_s": 15.250440667793258,
    "failure_count": 0,
    "gpu_sample_count": 768,
    "gpu_util_avg": 3.47265625,
    "gpu_util_max": 46.0,
    "http_200": 28,
    "output_head_first_token": 83484,
    "ready": true,
    "requests": 28,
    "response_00_sequence": [
      83480,
      79768,
      46915,
      98751,
      97212,
      2460,
      97466,
      69260,
      31128,
      13655,
      90448,
      32974,
      94704,
      78827,
      117465,
      109502,
      123327,
      92132,
      57045,
      13698,
      87562,
      73669,
      83484,
      83484,
      83484,
      83484,
      83484,
      83484,
      83484,
      83484,
      83484,
      83484
    ],
    "scaffold_sum_ep_ms": 11.37349,
    "scaffold_sum_hc_current_input_ms": 254.138526,
    "scaffold_sum_pre_ep_attention_output_ms": 0.0,
    "scaffold_sum_pre_ep_attention_projection_ms": 53.208811,
    "scaffold_sum_pre_ep_attention_state_ms": 44.72416,
    "scaffold_sum_pre_ep_compressed_kv_ms": 69.952987,
    "scaffold_sum_pre_ep_post_attention_ffn_input_ms": 0.0,
    "server_continuation_tok_s_decode": 100.036098,
    "server_generated_tok_s_decode": 100.245595,
    "tokens": 32,
    "vram_after_lazy_output_head_close_min_free_mib": 2700,
    "vram_failures": 0,
    "vram_min_free_mib": 2566,
    "vram_nccl_after_lazy_output_head_close_min_free_mib": 2700
  },
  "control_dir": "/workspace/logs/sprint413-post-attn-slot28-http-ab/control/none-hc-nccl-allgather-hc-stream-sync-model-router-compact-moe",
  "control_profile_returncode": 0,
  "control_readiness_returncode": 0,
  "decision": "true-attention-post-attention-serving-operational",
  "ratios": {
    "client_generated_tok_s": 0.5194974314388331,
    "gpu_util_avg": 1.8065741782277216,
    "scaffold_sum_pre_ep_attention_output_ms": null,
    "scaffold_sum_pre_ep_attention_projection_ms": 1.0676560692175587,
    "scaffold_sum_pre_ep_attention_state_ms": 0.9135755037098517,
    "scaffold_sum_pre_ep_compressed_kv_ms": 0.8648021277490268,
    "scaffold_sum_pre_ep_post_attention_ffn_input_ms": null,
    "server_continuation_tok_s_decode": 0.20590466253491818,
    "server_generated_tok_s_decode": 0.20573890553495144,
    "vram_min_free_mib": 0.6975837879968823
  },
  "schema": "ds4_v100_tp_ep_true_attn_http_ab.v1",
  "shape": {
    "ctx": 262144,
    "position": 262080,
    "requests": 28,
    "slots": 28,
    "tokens": 32
  }
}
