{"prompt_tokens":1024,"generated_tokens":2,"total_input_tokens":1025,"tokens":[{"id":926,"logit":24.1182251,"text":"16","text_hex":"3136"},{"id":926,"logit":23.892868,"text":"16","text_hex":"3136"}],"timing_ms":{"open_total":53191.337,"prompt_replay":67171.120,"continuation_decode":66.048,"output_head":5.033,"token_text":9.120,"total":67252.951,"prompt_tokens_per_second":15.244647,"continuation_tokens_per_second":15.140482,"generated_tokens_per_second":0.029738,"stage_decode":[9940.616,9278.260,9255.307,9267.929,9209.559,7735.309,7646.369,4708.040],"stage_profile":{"hc_attn":[0.000,0.000,0.000,0.000,0.000,0.000,0.000,0.000],"attention":[0.000,0.000,0.000,0.000,0.000,0.000,0.000,0.000],"hc_ffn":[0.000,0.000,0.000,0.000,0.000,0.000,0.000,0.000],"ffn":[0.000,0.000,0.000,0.000,0.000,0.000,0.000,0.000],"hc_final":[0.000,0.000,0.000,0.000,0.000,0.000,0.000,0.000],"total":[0.000,0.000,0.000,0.000,0.000,0.000,0.000,0.000]},"handoff":[28.630,28.102,28.086,27.097,26.674,27.473,29.718],"open_stage":[48914.293,46763.066,53154.592,36966.807,45051.978,46963.750,40078.338,27604.254]},"memory":{"uploaded_tensors":8,"uploaded_bytes":156142896212,"arena_bytes":[22524134668,21494393612,21494393612,21494393612,21494393612,17922654732,17901334540,11817197824]}}
