{"prompt_tokens":18,"generated_tokens":2,"total_input_tokens":19,"tokens":[{"id":926,"logit":35.250885,"text":"16","text_hex":"3136"},{"id":1,"logit":39.3052406,"text":"<пЅњendв–Ѓofв–ЃsentenceпЅњ>","text_hex":"3cefbd9c656e64e296816f66e2968173656e74656e6365efbd9c3e"}],"timing_ms":{"open_total":69603.898,"prompt_replay":3612.122,"continuation_decode":147.013,"output_head":7.072,"token_text":0.021,"total":3766.259,"prompt_tokens_per_second":4.983220,"continuation_tokens_per_second":6.802122,"generated_tokens_per_second":0.531031,"stage_decode":[1178.281,402.370,396.815,396.599,397.143,332.025,418.344,227.573],"handoff":[1.854,1.392,1.427,1.393,1.091,1.534,1.295],"open_stage":[69582.960,64165.521,57989.329,54961.605,32879.120,32259.238,58987.983,20913.895]},"memory":{"uploaded_tensors":1328,"uploaded_bytes":156142862684,"arena_bytes":[22524134668,21494393612,21494393612,21494393612,21494393612,17922654732,17901334540,11817197824]}}
