{"prompt_tokens":18,"generated_tokens":2,"total_input_tokens":19,"tokens":[{"id":926,"logit":35.250885,"text":"16","text_hex":"3136"},{"id":1,"logit":39.3052406,"text":"<пЅњendв–Ѓofв–ЃsentenceпЅњ>","text_hex":"3cefbd9c656e64e296816f66e2968173656e74656e6365efbd9c3e"}],"timing_ms":{"open_total":69603.898,"prompt_replay":2655.389,"continuation_decode":146.133,"output_head":5.802,"token_text":0.008,"total":2807.374,"prompt_tokens_per_second":6.778667,"continuation_tokens_per_second":6.843079,"generated_tokens_per_second":0.712410,"stage_decode":[368.550,371.270,371.108,370.655,371.468,310.542,406.656,222.999],"handoff":[1.402,0.924,1.198,1.245,1.170,1.130,1.205],"open_stage":[69582.960,64165.521,57989.329,54961.605,32879.120,32259.238,58987.983,20913.895]},"memory":{"uploaded_tensors":1328,"uploaded_bytes":156142862684,"arena_bytes":[22524134668,21494393612,21494393612,21494393612,21494393612,17922654732,17901334540,11817197824]}}
