{"aggregate_tokens_per_second": 0.36105953224010806, "concurrency": 2, "elapsed_s": 11.078505461919121, "errors": 0, "generated_token_total": 4, "host": "127.0.0.1", "latency_ms": {"avg": 4903.243478242075, "p50": 5087.153951986693, "p95": 5854.793319205055, "p99": 5963.152692691656}, "mode": "off", "mtpa_accepted": 0, "mtpa_attempted": 0, "port": 18123, "requests": 4, "schema": "ds4_v100_aggregate_throughput_case.v1", "status_200": 4, "status_413": 0, "status_429": 0, "status_other": 0, "token_match": 4, "token_mismatch": 0}
