{"prompt_tokens":18,"generated_tokens":2,"total_input_tokens":19,"tokens":[{"id":926,"logit":35.250885,"text":"16","text_hex":"3136"},{"id":1,"logit":39.3052406,"text":"<пЅњendв–Ѓofв–ЃsentenceпЅњ>","text_hex":"3cefbd9c656e64e296816f66e2968173656e74656e6365efbd9c3e"}],"timing_ms":{"open_total":302663.042,"prompt_replay":2632.063,"continuation_decode":144.722,"output_head":6.059,"token_text":0.004,"total":2782.865,"prompt_tokens_per_second":6.838743,"continuation_tokens_per_second":6.909791,"generated_tokens_per_second":0.718684,"stage_decode":[369.079,371.279,370.915,370.528,368.836,308.530,397.836,216.004],"handoff":[0.609,0.617,0.648,0.486,0.532,0.432,0.452],"open_stage":[39379.477,55115.516,37351.581,24189.360,49033.866,34034.739,40363.424,23174.360]},"memory":{"uploaded_tensors":1328,"uploaded_bytes":156142862684,"arena_bytes":[22524134668,21494393612,21494393612,21494393612,21494393612,17922654732,17901334540,11817197824]}}
