{"prompt_tokens":18,"generated_tokens":2,"total_input_tokens":19,"tokens":[{"id":926,"logit":35.250885,"text":"16","text_hex":"3136"},{"id":1,"logit":39.3052406,"text":"<｜end▁of▁sentence｜>","text_hex":"3cefbd9c656e64e296816f66e2968173656e74656e6365efbd9c3e"}],"timing_ms":{"open_total":302663.042,"prompt_replay":3728.435,"continuation_decode":148.126,"output_head":7.365,"token_text":0.022,"total":3883.972,"prompt_tokens_per_second":4.827763,"continuation_tokens_per_second":6.751010,"generated_tokens_per_second":0.514937,"stage_decode":[1260.817,419.780,410.648,398.955,395.595,332.515,422.925,231.244],"handoff":[0.711,0.683,0.608,0.477,0.606,0.486,0.512],"open_stage":[39379.477,55115.516,37351.581,24189.360,49033.866,34034.739,40363.424,23174.360]},"memory":{"uploaded_tensors":1328,"uploaded_bytes":156142862684,"arena_bytes":[22524134668,21494393612,21494393612,21494393612,21494393612,17922654732,17901334540,11817197824]}}
