{"prompt_tokens":18,"generated_tokens":1,"total_input_tokens":18,"tokens":[{"id":926,"logit":35.250885,"text":"16","text_hex":"3136"}],"timing_ms":{"open_total":69432.120,"prompt_replay":3436.167,"continuation_decode":0.000,"output_head":4.477,"token_text":0.004,"total":3440.679,"prompt_tokens_per_second":5.238395,"continuation_tokens_per_second":0.000000,"generated_tokens_per_second":0.290640,"stage_decode":[1004.648,375.064,375.002,373.342,373.319,314.176,398.680,214.593],"handoff":[0.970,1.206,1.045,1.017,1.021,1.016,1.069],"open_stage":[69405.067,55267.926,22207.413,66585.408,33631.100,48355.204,58945.019,35273.541]},"memory":{"uploaded_tensors":1328,"uploaded_bytes":156142862684,"arena_bytes":[22524134668,21494393612,21494393612,21494393612,21494393612,17922654732,17901334540,11817197824]}}
