{"prompt_tokens":18,"generated_tokens":1,"total_input_tokens":18,"tokens":[{"id":926,"logit":35.250885,"text":"16","text_hex":"3136"}],"timing_ms":{"open_total":69432.120,"prompt_replay":2625.973,"continuation_decode":0.000,"output_head":3.005,"token_text":0.005,"total":2629.014,"prompt_tokens_per_second":6.854603,"continuation_tokens_per_second":0.000000,"generated_tokens_per_second":0.380371,"stage_decode":[348.419,350.664,350.516,350.216,350.722,292.979,371.807,204.070],"handoff":[0.906,1.017,0.973,0.883,0.988,0.878,0.934],"open_stage":[69405.067,55267.926,22207.413,66585.408,33631.100,48355.204,58945.019,35273.541]},"memory":{"uploaded_tensors":1328,"uploaded_bytes":156142862684,"arena_bytes":[22524134668,21494393612,21494393612,21494393612,21494393612,17922654732,17901334540,11817197824]}}
