{
  "candidate": {
    "client_generated_tok_s": 7.367808881719989,
    "failure_count": 0,
    "gpu_sample_count": 1360,
    "gpu_util_avg": 6.382352941176471,
    "gpu_util_max": 25.0,
    "http_200": 24,
    "output_head_first_token": 121932,
    "ready": true,
    "requests": 24,
    "response_00_sequence": [
      123477,
      104015,
      119333,
      121932,
      27525,
      121932,
      57648,
      124436,
      123327,
      109865,
      123477,
      7447,
      62433,
      120993,
      92132,
      56697,
      112864,
      56697,
      25903,
      60432,
      121932,
      92132,
      50319,
      121932,
      115959,
      118235,
      123477,
      101267,
      5801,
      80944,
      121932,
      85842
    ],
    "scaffold_sum_ep_ms": 395.200418,
    "scaffold_sum_hc_current_input_ms": 744.03508,
    "scaffold_sum_pre_ep_attention_output_ms": 365.433075,
    "scaffold_sum_pre_ep_attention_projection_ms": 49.686244,
    "scaffold_sum_pre_ep_attention_state_ms": 35.898697,
    "scaffold_sum_pre_ep_compressed_kv_ms": 53.305449,
    "scaffold_sum_pre_ep_post_attention_ffn_input_ms": 115.793207,
    "server_continuation_tok_s_decode": 19.843168,
    "server_generated_tok_s_decode": 19.716583,
    "tokens": 32,
    "vram_after_lazy_output_head_close_min_free_mib": 2562,
    "vram_failures": 0,
    "vram_min_free_mib": 2428,
    "vram_nccl_after_lazy_output_head_close_min_free_mib": 2562
  },
  "candidate_active": true,
  "candidate_dir": "/workspace/logs/sprint413-post-attn-slot24-http-ab-rerun/candidate/none-hc-nccl-allgather-hc-stream-sync-attention-output-nccl-allgather-post-attention-ffn-input-model-router-no-route-plan-async-upload-compact-moe",
  "candidate_profile_returncode": 0,
  "candidate_readiness_returncode": 0,
  "candidate_reserve_blocked": false,
  "candidate_served": true,
  "control": {
    "client_generated_tok_s": 14.944926659484418,
    "failure_count": 0,
    "gpu_sample_count": 672,
    "gpu_util_avg": 3.8363095238095237,
    "gpu_util_max": 45.0,
    "http_200": 24,
    "output_head_first_token": 83484,
    "ready": true,
    "requests": 24,
    "response_00_sequence": [
      83480,
      79768,
      46915,
      98751,
      97212,
      2460,
      97466,
      69260,
      31128,
      13655,
      90448,
      32974,
      94704,
      78827,
      117465,
      109502,
      123327,
      92132,
      57045,
      13698,
      87562,
      73669,
      83484,
      83484,
      83484,
      83484,
      83484,
      83484,
      83484,
      83484,
      83484,
      83484
    ],
    "scaffold_sum_ep_ms": 11.516775,
    "scaffold_sum_hc_current_input_ms": 229.679894,
    "scaffold_sum_pre_ep_attention_output_ms": 0.0,
    "scaffold_sum_pre_ep_attention_projection_ms": 46.411821,
    "scaffold_sum_pre_ep_attention_state_ms": 34.303325,
    "scaffold_sum_pre_ep_compressed_kv_ms": 69.220566,
    "scaffold_sum_pre_ep_post_attention_ffn_input_ms": 0.0,
    "server_continuation_tok_s_decode": 90.772903,
    "server_generated_tok_s_decode": 90.974366,
    "tokens": 32,
    "vram_after_lazy_output_head_close_min_free_mib": 3332,
    "vram_failures": 0,
    "vram_min_free_mib": 3198,
    "vram_nccl_after_lazy_output_head_close_min_free_mib": 3332
  },
  "control_dir": "/workspace/logs/sprint413-post-attn-slot24-http-ab-rerun/control/none-hc-nccl-allgather-hc-stream-sync-model-router-compact-moe",
  "control_profile_returncode": 0,
  "control_readiness_returncode": 0,
  "decision": "true-attention-post-attention-serving-operational",
  "ratios": {
    "client_generated_tok_s": 0.4929973260888635,
    "gpu_util_avg": 1.6636699675991422,
    "scaffold_sum_pre_ep_attention_output_ms": null,
    "scaffold_sum_pre_ep_attention_projection_ms": 1.0705514873032023,
    "scaffold_sum_pre_ep_attention_state_ms": 1.0465077947983177,
    "scaffold_sum_pre_ep_compressed_kv_ms": 0.7700810912178904,
    "scaffold_sum_pre_ep_post_attention_ffn_input_ms": null,
    "server_continuation_tok_s_decode": 0.21860232893510081,
    "server_generated_tok_s_decode": 0.21672679752448068,
    "vram_min_free_mib": 0.7592245153220762
  },
  "schema": "ds4_v100_tp_ep_true_attn_http_ab.v1",
  "shape": {
    "ctx": 262144,
    "position": 262080,
    "requests": 24,
    "slots": 24,
    "tokens": 32
  }
}
