{"prompt_tokens":18,"generated_tokens":2,"total_input_tokens":19,"tokens":[{"id":926,"logit":35.2511406,"text":"16","text_hex":"3136"},{"id":1,"logit":39.3080215,"text":"<｜end▁of▁sentence｜>","text_hex":"3cefbd9c656e64e296816f66e2968173656e74656e6365efbd9c3e"}],"timing_ms":{"open_total":63887.258,"prompt_replay":2943.647,"continuation_decode":111.269,"output_head":7.825,"token_text":0.114,"total":3062.884,"prompt_tokens_per_second":6.114863,"continuation_tokens_per_second":8.987226,"generated_tokens_per_second":0.652979,"stage_decode":[1118.623,339.414,327.937,328.315,322.778,228.561,233.092,151.959],"stage_profile":{"hc_attn":[0.000,0.000,0.000,0.000,0.000,0.000,0.000,0.000],"attention":[0.000,0.000,0.000,0.000,0.000,0.000,0.000,0.000],"hc_ffn":[0.000,0.000,0.000,0.000,0.000,0.000,0.000,0.000],"ffn":[0.000,0.000,0.000,0.000,0.000,0.000,0.000,0.000],"hc_final":[0.000,0.000,0.000,0.000,0.000,0.000,0.000,0.000],"total":[0.000,0.000,0.000,0.000,0.000,0.000,0.000,0.000]},"handoff":[0.713,0.601,0.551,0.679,0.568,0.559,0.566],"open_stage":[61915.589,53100.815,63838.701,58343.237,57722.603,49052.760,15196.098,29314.409]},"memory":{"uploaded_tensors":8,"uploaded_bytes":156142896212,"arena_bytes":[22524134668,21494393612,21494393612,21494393612,21494393612,17922654732,17901334540,11817197824]}}
