{"aggregate_tokens_per_second": 0.35829395125704233, "concurrency": 2, "elapsed_s": 11.164017661940306, "errors": 0, "generated_token_total": 4, "host": "127.0.0.1", "latency_ms": {"avg": 4946.032281732187, "p50": 5581.408675992861, "p95": 6084.432158363052, "p99": 6084.498372436501}, "mode": "off", "mtpa_accepted": 0, "mtpa_attempted": 0, "port": 18163, "requests": 4, "schema": "ds4_v100_aggregate_throughput_case.v1", "status_200": 4, "status_413": 0, "status_429": 0, "status_other": 0, "token_match": 4, "token_mismatch": 0}
