{"prompt_tokens":18,"generated_tokens":2,"total_input_tokens":19,"tokens":[{"id":926,"logit":35.250885,"text":"16","text_hex":"3136"},{"id":1,"logit":39.3052406,"text":"<пЅњendв–Ѓofв–ЃsentenceпЅњ>","text_hex":"3cefbd9c656e64e296816f66e2968173656e74656e6365efbd9c3e"}],"timing_ms":{"open_total":68972.597,"prompt_replay":3563.080,"continuation_decode":143.795,"output_head":6.532,"token_text":0.006,"total":3713.446,"prompt_tokens_per_second":5.051810,"continuation_tokens_per_second":6.954349,"generated_tokens_per_second":0.538583,"stage_decode":[1106.735,409.768,400.843,398.892,397.532,333.935,426.385,228.147],"handoff":[0.634,0.705,0.567,0.698,0.707,0.601,0.725],"open_stage":[65079.397,21889.568,68934.354,63681.622,52134.571,54551.218,20431.593,50025.650]},"memory":{"uploaded_tensors":1328,"uploaded_bytes":156142862684,"arena_bytes":[22524134668,21494393612,21494393612,21494393612,21494393612,17922654732,17901334540,11817197824]}}
