{"aggregate_tokens_per_second": 0.35490565182473716, "concurrency": 2, "elapsed_s": 11.270601015887223, "errors": 0, "generated_token_total": 4, "host": "127.0.0.1", "latency_ms": {"avg": 4997.466568485834, "p50": 5634.62735095527, "p95": 6173.3352280338295, "p99": 6173.441648839507}, "mode": "off", "mtpa_accepted": 0, "mtpa_attempted": 0, "port": 18130, "requests": 4, "schema": "ds4_v100_aggregate_throughput_case.v1", "status_200": 4, "status_413": 0, "status_429": 0, "status_other": 0, "token_match": 4, "token_mismatch": 0}
