{"prompt_tokens":256,"generated_tokens":2,"total_input_tokens":257,"tokens":[{"id":3955,"logit":21.07127,"text":"\",\n","text_hex":"222c0a"},{"id":361,"logit":25.3747787,"text":"   ","text_hex":"202020"}],"timing_ms":{"open_total":56398.166,"prompt_replay":18253.733,"continuation_decode":68.215,"output_head":5.485,"token_text":0.024,"total":18327.822,"prompt_tokens_per_second":14.024529,"continuation_tokens_per_second":14.659513,"generated_tokens_per_second":0.109124,"stage_decode":[3248.644,2419.745,2424.667,2433.095,2419.432,2044.389,2020.276,1267.260],"stage_profile":{"hc_attn":[111.359,110.367,110.455,110.540,110.745,93.269,92.746,56.530],"attention":[1215.360,1260.102,1260.183,1265.218,1256.606,1063.595,1043.730,656.365],"attn_proj":[411.784,412.137,413.067,413.434,410.678,343.602,345.091,207.038],"attn_cache":[92.696,131.386,132.182,131.457,132.456,120.471,102.840,76.103],"attn_softmax":[129.281,140.504,140.749,140.542,140.807,120.333,115.070,73.173],"attn_inverse_rope":[12.082,12.553,12.207,12.109,12.800,10.699,10.615,6.390],"attn_output":[540.895,542.737,540.753,540.138,539.317,449.468,448.739,269.818],"hc_ffn":[133.957,133.477,133.449,134.381,133.401,111.915,110.787,66.931],"ffn":[824.195,768.086,772.219,774.407,769.967,645.888,643.827,402.355],"hc_final":[14.855,14.527,14.577,14.628,15.165,13.094,12.603,7.576],"total":[2299.726,2286.558,2290.884,2299.175,2285.884,1927.761,1903.692,1189.758]},"handoff":[6.811,6.119,6.165,6.556,6.095,6.350,6.344],"open_stage":[38735.221,44178.484,54085.396,56354.137,49352.078,34208.066,31309.392,21373.724]},"memory":{"uploaded_tensors":8,"uploaded_bytes":156142896212,"arena_bytes":[22524134668,21494393612,21494393612,21494393612,21494393612,17922654732,17901334540,11817197824]}}
