{
  "prompt": 14.024529,
  "cont": 14.659513,
  "ids": [
    3955,
    361
  ],
  "sums": {
    "attn": 9021.159,
    "proj": 2956.8309999999997,
    "cache": 919.591,
    "softmax": 1000.4590000000001,
    "inverse": 89.455,
    "output": 3871.865
  }
}
