{"prompt_tokens":18,"generated_tokens":2,"total_input_tokens":19,"tokens":[{"id":926,"logit":35.250885,"text":"16","text_hex":"3136"},{"id":1,"logit":39.3052406,"text":"<｜end▁of▁sentence｜>","text_hex":"3cefbd9c656e64e296816f66e2968173656e74656e6365efbd9c3e"}],"timing_ms":{"open_total":299187.461,"prompt_replay":3636.090,"continuation_decode":145.358,"output_head":7.179,"token_text":0.029,"total":3788.689,"prompt_tokens_per_second":4.950372,"continuation_tokens_per_second":6.879571,"generated_tokens_per_second":0.527887,"stage_decode":[1119.508,400.359,410.085,413.931,407.198,341.292,445.182,239.091],"handoff":[0.774,0.606,0.711,0.743,0.659,0.682,0.627],"open_stage":[57051.985,31171.320,34726.773,50572.923,45428.570,34143.561,25678.358,20393.842]},"memory":{"uploaded_tensors":1328,"uploaded_bytes":156142862684,"arena_bytes":[22524134668,21494393612,21494393612,21494393612,21494393612,17922654732,17901334540,11817197824]}}
