{"prompt_tokens":18,"generated_tokens":2,"total_input_tokens":19,"tokens":[{"id":926,"logit":35.250885,"text":"16","text_hex":"3136"},{"id":1,"logit":39.3052406,"text":"<пЅњendв–Ѓofв–ЃsentenceпЅњ>","text_hex":"3cefbd9c656e64e296816f66e2968173656e74656e6365efbd9c3e"}],"timing_ms":{"open_total":299187.461,"prompt_replay":2619.889,"continuation_decode":144.673,"output_head":5.864,"token_text":0.004,"total":2770.443,"prompt_tokens_per_second":6.870520,"continuation_tokens_per_second":6.912147,"generated_tokens_per_second":0.721906,"stage_decode":[367.304,369.251,369.780,368.867,368.052,307.714,394.188,215.472],"handoff":[0.576,0.688,0.573,0.521,0.538,0.464,0.574],"open_stage":[57051.985,31171.320,34726.773,50572.923,45428.570,34143.561,25678.358,20393.842]},"memory":{"uploaded_tensors":1328,"uploaded_bytes":156142862684,"arena_bytes":[22524134668,21494393612,21494393612,21494393612,21494393612,17922654732,17901334540,11817197824]}}
