{"prompt_tokens":1024,"generated_tokens":2,"total_input_tokens":1025,"tokens":[{"id":926,"logit":24.7775078,"text":"16","text_hex":"3136"},{"id":926,"logit":27.829174,"text":"16","text_hex":"3136"}],"timing_ms":{"open_total":54461.117,"prompt_replay":70983.598,"continuation_decode":69.301,"output_head":10.102,"token_text":0.005,"total":71065.226,"prompt_tokens_per_second":14.425868,"continuation_tokens_per_second":14.429801,"generated_tokens_per_second":0.028143,"stage_decode":[10367.853,9818.241,9822.264,9820.089,9755.449,8195.973,8087.317,5018.424],"stage_profile":{"hc_attn":[427.713,428.042,429.005,427.994,423.686,357.107,353.343,216.373],"attention":[4966.266,5230.173,5234.311,5229.455,5193.333,4395.595,4270.968,2675.454],"attn_proj":[1646.737,1649.906,1648.564,1653.311,1641.664,1369.263,1367.945,826.502],"attn_cache":[382.216,538.581,542.554,543.803,535.482,474.868,417.396,304.596],"attn_softmax":[674.688,768.162,768.562,767.941,765.534,665.340,609.348,409.516],"attn_inverse_rope":[53.931,54.680,54.495,54.585,52.291,43.851,43.327,26.343],"attn_output":[2162.440,2167.774,2163.988,2163.577,2152.167,1796.788,1793.290,1078.964],"hc_ffn":[526.660,526.266,527.146,525.634,520.195,433.380,432.720,261.014],"ffn":[3050.639,3018.041,3014.047,3023.122,3009.215,2495.569,2506.449,1538.970],"hc_final":[64.788,65.264,65.344,65.736,62.732,52.238,52.312,31.334],"total":[9036.064,9267.786,9269.853,9271.941,9209.161,7733.889,7615.792,4723.145]},"handoff":[24.193,24.925,24.178,23.714,24.136,22.853,23.290],"open_stage":[45994.290,46407.692,48212.284,49500.280,54431.374,44318.946,37973.982,15972.610]},"memory":{"uploaded_tensors":8,"uploaded_bytes":156142896212,"arena_bytes":[22524134668,21494393612,21494393612,21494393612,21494393612,17922654732,17901334540,11817197824]}}
