{
  "prompt": 14.425868,
  "cont": 14.429801,
  "ids": [
    926,
    926
  ],
  "sums": {
    "attn": 37195.55499999999,
    "proj": 11803.892,
    "cache": 3739.496,
    "softmax": 5429.090999999999,
    "inverse": 383.503,
    "output": 15478.987999999998,
    "ffn": 21656.052000000003,
    "hc_attn": 3063.263,
    "hc_ffn": 3753.0150000000003,
    "total": 66127.63100000001
  }
}
