{"aggregate_tokens_per_second": 0.3600679220809908, "concurrency": 4, "elapsed_s": 11.109015146037564, "errors": 0, "generated_token_total": 4, "host": "127.0.0.1", "latency_ms": {"avg": 9192.30351151782, "p50": 8554.698830004781, "p95": 10724.18569685542, "p99": 11030.377221769886}, "mode": "off", "mtpa_accepted": 0, "mtpa_attempted": 0, "port": 18132, "requests": 4, "schema": "ds4_v100_aggregate_throughput_case.v1", "status_200": 4, "status_413": 0, "status_429": 0, "status_other": 0, "token_match": 4, "token_mismatch": 0}
