{"prompt_tokens":18,"generated_tokens":1,"total_input_tokens":18,"tokens":[{"id":926,"logit":35.250885,"text":"16","text_hex":"3136"}],"timing_ms":{"open_total":347764.846,"prompt_replay":2624.391,"continuation_decode":0.000,"output_head":2.913,"token_text":0.005,"total":2627.317,"prompt_tokens_per_second":6.858734,"continuation_tokens_per_second":0.000000,"generated_tokens_per_second":0.380616,"stage_decode":[348.918,351.076,351.215,351.310,349.456,292.854,374.590,201.158],"handoff":[0.515,0.585,0.579,0.582,0.531,0.529,0.492],"open_stage":[49605.847,58498.279,43789.174,54140.009,53507.986,28918.376,36960.808,22311.344]},"memory":{"uploaded_tensors":1328,"uploaded_bytes":156142862684,"arena_bytes":[22524134668,21494393612,21494393612,21494393612,21494393612,17922654732,17901334540,11817197824]}}
