{"prompt_tokens":18,"generated_tokens":1,"total_input_tokens":18,"tokens":[{"id":926,"logit":35.250885,"text":"16","text_hex":"3136"}],"timing_ms":{"open_total":347764.846,"prompt_replay":3741.851,"continuation_decode":0.000,"output_head":3.786,"token_text":0.011,"total":3745.665,"prompt_tokens_per_second":4.810453,"continuation_tokens_per_second":0.000000,"generated_tokens_per_second":0.266975,"stage_decode":[1188.171,423.267,411.948,396.343,379.571,324.587,398.994,214.606],"handoff":[0.752,0.666,0.690,0.604,0.641,0.489,0.522],"open_stage":[49605.847,58498.279,43789.174,54140.009,53507.986,28918.376,36960.808,22311.344]},"memory":{"uploaded_tensors":1328,"uploaded_bytes":156142862684,"arena_bytes":[22524134668,21494393612,21494393612,21494393612,21494393612,17922654732,17901334540,11817197824]}}
