{"prompt_tokens":18,"generated_tokens":2,"total_input_tokens":19,"tokens":[{"id":926,"logit":35.2504807,"text":"16","text_hex":"3136"},{"id":1,"logit":39.3046379,"text":"<｜end▁of▁sentence｜>","text_hex":"3cefbd9c656e64e296816f66e2968173656e74656e6365efbd9c3e"}],"timing_ms":{"open_total":73858.158,"prompt_replay":3605.765,"continuation_decode":135.223,"output_head":7.687,"token_text":0.008,"total":3748.709,"prompt_tokens_per_second":4.992005,"continuation_tokens_per_second":7.395184,"generated_tokens_per_second":0.533517,"stage_decode":[1214.630,434.190,403.932,382.901,368.574,308.078,406.313,215.934],"handoff":[0.853,1.162,1.033,0.728,1.103,0.869,0.688],"open_stage":[66079.561,21322.560,73835.902,59978.627,59326.236,64323.516,41768.959,36110.839]},"memory":{"uploaded_tensors":1328,"uploaded_bytes":156142862684,"arena_bytes":[22524134668,21494393612,21494393612,21494393612,21494393612,17922654732,17901334540,11817197824]}}
