{"prompt_tokens":8,"generated_tokens":2,"total_input_tokens":9,"tokens":[{"id":201,"logit":19.2796688,"text":"\n","text_hex":"0a"},{"id":200,"logit":19.7909107,"text":"\t","text_hex":"09"}],"timing_ms":{"open_total":64467.932,"prompt_replay":2007.172,"continuation_decode":64.016,"output_head":5.105,"token_text":5.904,"total":2082.216,"prompt_tokens_per_second":3.985707,"continuation_tokens_per_second":15.621067,"generated_tokens_per_second":0.960515,"stage_decode":[1149.723,137.637,137.479,149.914,143.906,128.656,122.482,99.340],"stage_profile":{"hc_attn":[10.749,10.170,9.695,10.303,11.795,8.813,8.941,5.664],"attention":[58.281,57.909,59.089,68.346,58.421,53.395,51.157,43.607],"attn_proj":[17.107,16.884,17.278,18.063,17.681,16.362,14.833,9.275],"attn_cache":[4.010,5.887,5.793,5.872,5.865,5.390,4.600,3.269],"attn_softmax":[2.316,2.517,2.480,2.505,2.541,2.188,2.050,1.346],"attn_inverse_rope":[0.426,0.428,0.432,0.447,0.450,0.380,0.374,0.241],"attn_output":[19.072,19.084,19.086,19.252,19.019,15.877,15.841,9.539],"hc_ffn":[9.819,9.903,9.790,9.859,9.949,8.345,8.234,5.390],"ffn":[222.464,53.643,52.867,55.493,57.794,53.281,48.902,40.939],"hc_final":[0.519,0.513,0.518,0.516,0.534,0.448,0.452,0.281],"total":[301.833,132.138,131.959,144.517,138.493,124.282,117.687,95.881]},"handoff":[0.311,0.271,0.248,0.340,0.310,0.323,0.250],"open_stage":[44413.808,62165.388,64439.829,44662.030,43179.406,57761.055,36971.217,39878.902]},"memory":{"uploaded_tensors":8,"uploaded_bytes":156142896212,"arena_bytes":[22524134668,21494393612,21494393612,21494393612,21494393612,17922654732,17901334540,11817197824]}}
