{
  "prompt": 3.985707,
  "cont": 15.621067,
  "ids": [
    201,
    200
  ],
  "sums": {
    "attn": 450.2049999999999,
    "proj": 127.48299999999999,
    "output": 136.76999999999998,
    "total": 1186.7900000000002
  }
}
