{"prompt_tokens":18,"generated_tokens":2,"total_input_tokens":19,"tokens":[{"id":926,"logit":35.2504807,"text":"16","text_hex":"3136"},{"id":1,"logit":39.3046379,"text":"<｜end▁of▁sentence｜>","text_hex":"3cefbd9c656e64e296816f66e2968173656e74656e6365efbd9c3e"}],"timing_ms":{"open_total":62642.050,"prompt_replay":3449.448,"continuation_decode":133.080,"output_head":12.602,"token_text":0.006,"total":3595.162,"prompt_tokens_per_second":5.218226,"continuation_tokens_per_second":7.514287,"generated_tokens_per_second":0.556303,"stage_decode":[1149.118,379.557,385.321,376.080,380.363,317.373,376.249,211.750],"handoff":[1.235,1.117,0.861,0.979,0.918,0.731,0.878],"open_stage":[62612.798,21256.042,33861.604,49740.004,50080.834,22977.815,11781.005,7961.992]},"memory":{"uploaded_tensors":1328,"uploaded_bytes":156142862684,"arena_bytes":[22524134668,21494393612,21494393612,21494393612,21494393612,17922654732,17901334540,11817197824]}}
