{"prompt_tokens":256,"generated_tokens":2,"total_input_tokens":257,"tokens":[{"id":3955,"logit":20.8767338,"text":"\",\n","text_hex":"222c0a"},{"id":361,"logit":25.4712677,"text":"   ","text_hex":"202020"}],"timing_ms":{"open_total":58186.269,"prompt_replay":20159.387,"continuation_decode":71.080,"output_head":5.416,"token_text":6.015,"total":20242.251,"prompt_tokens_per_second":12.698799,"continuation_tokens_per_second":14.068688,"generated_tokens_per_second":0.098803,"stage_decode":[3072.112,3029.991,3027.129,3017.756,3018.880,1934.068,1904.567,1179.045],"stage_profile":{"hc_attn":[0.000,0.000,0.000,0.000,0.000,0.000,0.000,0.000],"attention":[0.000,0.000,0.000,0.000,0.000,0.000,0.000,0.000],"hc_ffn":[0.000,0.000,0.000,0.000,0.000,0.000,0.000,0.000],"ffn":[0.000,0.000,0.000,0.000,0.000,0.000,0.000,0.000],"hc_final":[0.000,0.000,0.000,0.000,0.000,0.000,0.000,0.000],"total":[0.000,0.000,0.000,0.000,0.000,0.000,0.000,0.000]},"handoff":[6.481,6.810,7.027,6.935,6.849,6.209,6.606],"open_stage":[31667.229,29726.929,58032.673,58163.555,50342.098,55419.402,47556.542,42524.878]},"memory":{"uploaded_tensors":8,"uploaded_bytes":156142896212,"arena_bytes":[22524134668,21494393612,21494393612,21494393612,21494393612,17922654732,17901334540,11817197824]}}
