{"prompt_tokens":18,"generated_tokens":1,"total_input_tokens":18,"tokens":[{"id":926,"logit":35.250885,"text":"16","text_hex":"3136"}],"timing_ms":{"open_total":63778.146,"prompt_replay":3330.475,"continuation_decode":0.000,"output_head":4.216,"token_text":0.002,"total":3334.722,"prompt_tokens_per_second":5.404634,"continuation_tokens_per_second":0.000000,"generated_tokens_per_second":0.299875,"stage_decode":[999.409,373.501,373.074,372.758,372.229,312.906,310.378,211.856],"handoff":[0.659,0.598,0.614,0.651,0.593,0.610,0.639],"open_stage":[58811.962,47756.882,59927.267,56717.771,63749.329,59172.788,28818.986,17027.238]},"memory":{"uploaded_tensors":1328,"uploaded_bytes":156142862684,"arena_bytes":[22524134668,21494393612,21494393612,21494393612,21494393612,17922654732,17901334540,11817197824]}}
