{"prompt_tokens":18,"generated_tokens":1,"total_input_tokens":18,"tokens":[{"id":926,"logit":35.250885,"text":"16","text_hex":"3136"}],"timing_ms":{"open_total":63778.146,"prompt_replay":2529.379,"continuation_decode":0.000,"output_head":3.175,"token_text":0.004,"total":2532.572,"prompt_tokens_per_second":7.116372,"continuation_tokens_per_second":0.000000,"generated_tokens_per_second":0.394856,"stage_decode":[346.977,351.125,349.896,348.772,348.746,292.106,290.166,199.325],"handoff":[0.309,0.347,0.343,0.350,0.326,0.299,0.293],"open_stage":[58811.962,47756.882,59927.267,56717.771,63749.329,59172.788,28818.986,17027.238]},"memory":{"uploaded_tensors":1328,"uploaded_bytes":156142862684,"arena_bytes":[22524134668,21494393612,21494393612,21494393612,21494393612,17922654732,17901334540,11817197824]}}
