{"aggregate_tokens_per_second": 0.35244846202245383, "concurrency": 1, "elapsed_s": 11.349177059950307, "errors": 0, "generated_token_total": 4, "host": "127.0.0.1", "latency_ms": {"avg": 2837.114521476906, "p50": 2623.37074696552, "p95": 3358.8773616240355, "p99": 3462.56121794926}, "mode": "off", "mtpa_accepted": 0, "mtpa_attempted": 0, "port": 18129, "requests": 4, "schema": "ds4_v100_aggregate_throughput_case.v1", "status_200": 4, "status_413": 0, "status_429": 0, "status_other": 0, "token_match": 4, "token_mismatch": 0}
