{"prompt_tokens":18,"generated_tokens":1,"total_input_tokens":18,"tokens":[{"id":926,"logit":35.250885,"text":"16","text_hex":"3136"}],"timing_ms":{"open_total":74045.307,"prompt_replay":2631.183,"continuation_decode":0.000,"output_head":2.908,"token_text":0.004,"total":2634.113,"prompt_tokens_per_second":6.841030,"continuation_tokens_per_second":0.000000,"generated_tokens_per_second":0.379634,"stage_decode":[346.962,349.253,350.251,350.552,349.672,292.338,380.320,208.135],"handoff":[0.482,0.433,0.428,0.570,0.593,0.565,0.630],"open_stage":[55140.049,48137.951,44071.628,58186.594,74011.893,55922.539,53698.196,31694.154]},"memory":{"uploaded_tensors":1328,"uploaded_bytes":156142862684,"arena_bytes":[22524134668,21494393612,21494393612,21494393612,21494393612,17922654732,17901334540,11817197824]}}
