{"prompt_tokens":18,"generated_tokens":1,"total_input_tokens":18,"tokens":[{"id":926,"logit":35.250885,"text":"16","text_hex":"3136"}],"timing_ms":{"open_total":74045.307,"prompt_replay":3548.042,"continuation_decode":0.000,"output_head":3.920,"token_text":0.010,"total":3552.001,"prompt_tokens_per_second":5.073220,"continuation_tokens_per_second":0.000000,"generated_tokens_per_second":0.281531,"stage_decode":[1050.257,373.044,387.375,400.830,384.966,316.756,406.956,223.373],"handoff":[0.711,0.552,0.774,0.653,0.594,0.559,0.644],"open_stage":[55140.049,48137.951,44071.628,58186.594,74011.893,55922.539,53698.196,31694.154]},"memory":{"uploaded_tensors":1328,"uploaded_bytes":156142862684,"arena_bytes":[22524134668,21494393612,21494393612,21494393612,21494393612,17922654732,17901334540,11817197824]}}
