{"prompt_tokens":18,"generated_tokens":2,"total_input_tokens":19,"tokens":[{"id":926,"logit":35.250885,"text":"16","text_hex":"3136"},{"id":1,"logit":39.3052406,"text":"<｜end▁of▁sentence｜>","text_hex":"3cefbd9c656e64e296816f66e2968173656e74656e6365efbd9c3e"}],"timing_ms":{"open_total":269139.524,"prompt_replay":3709.960,"continuation_decode":143.544,"output_head":7.216,"token_text":0.021,"total":3860.759,"prompt_tokens_per_second":4.851804,"continuation_tokens_per_second":6.966496,"generated_tokens_per_second":0.518033,"stage_decode":[1227.714,407.994,408.003,406.567,406.349,338.274,420.193,233.608],"handoff":[0.766,0.688,0.667,0.708,0.600,0.674,0.699],"open_stage":[45277.601,44468.100,38697.632,34515.508,31408.191,21568.766,30507.036,22677.281]},"memory":{"uploaded_tensors":1328,"uploaded_bytes":156142862684,"arena_bytes":[22524134668,21494393612,21494393612,21494393612,21494393612,17922654732,17901334540,11817197824]}}
