{"prompt_tokens":18,"generated_tokens":2,"total_input_tokens":19,"tokens":[{"id":926,"logit":35.250885,"text":"16","text_hex":"3136"},{"id":1,"logit":39.3052406,"text":"<пЅњendв–Ѓofв–ЃsentenceпЅњ>","text_hex":"3cefbd9c656e64e296816f66e2968173656e74656e6365efbd9c3e"}],"timing_ms":{"open_total":269139.524,"prompt_replay":2620.844,"continuation_decode":143.077,"output_head":6.484,"token_text":0.004,"total":2770.426,"prompt_tokens_per_second":6.868018,"continuation_tokens_per_second":6.989236,"generated_tokens_per_second":0.721911,"stage_decode":[367.490,368.343,368.971,368.781,368.631,308.056,395.483,214.547],"handoff":[0.555,0.525,0.544,0.557,0.551,0.428,0.458],"open_stage":[45277.601,44468.100,38697.632,34515.508,31408.191,21568.766,30507.036,22677.281]},"memory":{"uploaded_tensors":1328,"uploaded_bytes":156142862684,"arena_bytes":[22524134668,21494393612,21494393612,21494393612,21494393612,17922654732,17901334540,11817197824]}}
