{"prompt_tokens":8,"generated_tokens":2,"total_input_tokens":9,"tokens":[{"id":201,"logit":19.1616898,"text":"\n","text_hex":"0a"},{"id":926,"logit":19.7950039,"text":"16","text_hex":"3136"}],"timing_ms":{"open_total":50612.362,"prompt_replay":1911.911,"continuation_decode":71.146,"output_head":5.012,"token_text":0.145,"total":1988.335,"prompt_tokens_per_second":4.184295,"continuation_tokens_per_second":14.055557,"generated_tokens_per_second":1.005867,"stage_decode":[1095.987,148.544,141.111,147.760,152.940,108.971,109.058,75.539],"stage_profile":{"hc_attn":[0.000,0.000,0.000,0.000,0.000,0.000,0.000,0.000],"attention":[0.000,0.000,0.000,0.000,0.000,0.000,0.000,0.000],"hc_ffn":[0.000,0.000,0.000,0.000,0.000,0.000,0.000,0.000],"ffn":[0.000,0.000,0.000,0.000,0.000,0.000,0.000,0.000],"hc_final":[0.000,0.000,0.000,0.000,0.000,0.000,0.000,0.000],"total":[0.000,0.000,0.000,0.000,0.000,0.000,0.000,0.000]},"handoff":[0.375,0.445,0.334,0.495,0.422,0.695,0.382],"open_stage":[46609.296,44723.305,47752.937,50591.396,34176.023,40623.561,43021.744,28746.089]},"memory":{"uploaded_tensors":8,"uploaded_bytes":156142896212,"arena_bytes":[22524134668,21494393612,21494393612,21494393612,21494393612,17922654732,17901334540,11817197824]}}
