{"prompt_tokens":18,"generated_tokens":2,"total_input_tokens":19,"tokens":[{"id":926,"logit":35.250885,"text":"16","text_hex":"3136"},{"id":1,"logit":39.3052406,"text":"<пЅњendв–Ѓofв–ЃsentenceпЅњ>","text_hex":"3cefbd9c656e64e296816f66e2968173656e74656e6365efbd9c3e"}],"timing_ms":{"open_total":67577.414,"prompt_replay":2633.093,"continuation_decode":143.845,"output_head":5.826,"token_text":0.007,"total":2782.780,"prompt_tokens_per_second":6.836068,"continuation_tokens_per_second":6.951929,"generated_tokens_per_second":0.718706,"stage_decode":[366.715,371.787,369.124,369.188,368.070,308.516,408.578,211.664],"handoff":[0.510,0.496,0.492,0.429,0.393,0.449,0.526],"open_stage":[67549.313,57954.012,58994.640,53565.282,55591.720,62078.898,44944.013,9351.766]},"memory":{"uploaded_tensors":1328,"uploaded_bytes":156142862684,"arena_bytes":[22524134668,21494393612,21494393612,21494393612,21494393612,17922654732,17901334540,11817197824]}}
