{"prompt_tokens":256,"generated_tokens":2,"total_input_tokens":257,"tokens":[{"id":3955,"logit":20.6910267,"text":"\",\n","text_hex":"222c0a"},{"id":361,"logit":25.2815762,"text":"   ","text_hex":"202020"}],"timing_ms":{"open_total":56516.903,"prompt_replay":20090.825,"continuation_decode":85.150,"output_head":5.329,"token_text":0.513,"total":20182.203,"prompt_tokens_per_second":12.742135,"continuation_tokens_per_second":11.743995,"generated_tokens_per_second":0.099097,"stage_decode":[3050.991,3006.719,3018.603,3006.340,3009.587,1939.167,1911.259,1178.481],"stage_profile":{"hc_attn":[0.000,0.000,0.000,0.000,0.000,0.000,0.000,0.000],"attention":[0.000,0.000,0.000,0.000,0.000,0.000,0.000,0.000],"hc_ffn":[0.000,0.000,0.000,0.000,0.000,0.000,0.000,0.000],"ffn":[0.000,0.000,0.000,0.000,0.000,0.000,0.000,0.000],"hc_final":[0.000,0.000,0.000,0.000,0.000,0.000,0.000,0.000],"total":[0.000,0.000,0.000,0.000,0.000,0.000,0.000,0.000]},"handoff":[7.298,7.866,7.766,7.954,8.124,7.686,8.134],"open_stage":[16512.696,51359.524,53091.121,56469.770,51278.847,31796.304,44913.791,21053.886]},"memory":{"uploaded_tensors":8,"uploaded_bytes":156142896212,"arena_bytes":[22524134668,21494393612,21494393612,21494393612,21494393612,17922654732,17901334540,11817197824]}}
