{"prompt_tokens":256,"generated_tokens":2,"total_input_tokens":257,"tokens":[{"id":1760,"logit":20.9613152,"text":"\",","text_hex":"222c"},{"id":582,"logit":24.1252632,"text":" \"","text_hex":"2022"}],"timing_ms":{"open_total":66370.623,"prompt_replay":15686.409,"continuation_decode":57.507,"output_head":10.831,"token_text":3.868,"total":15758.884,"prompt_tokens_per_second":16.319860,"continuation_tokens_per_second":17.389163,"generated_tokens_per_second":0.126913,"stage_decode":[2775.360,2093.025,2088.440,2091.866,2073.026,1758.167,1727.863,1088.039],"stage_profile":{"hc_attn":[0.000,0.000,0.000,0.000,0.000,0.000,0.000,0.000],"attention":[0.000,0.000,0.000,0.000,0.000,0.000,0.000,0.000],"hc_ffn":[0.000,0.000,0.000,0.000,0.000,0.000,0.000,0.000],"ffn":[0.000,0.000,0.000,0.000,0.000,0.000,0.000,0.000],"hc_final":[0.000,0.000,0.000,0.000,0.000,0.000,0.000,0.000],"total":[0.000,0.000,0.000,0.000,0.000,0.000,0.000,0.000]},"handoff":[7.066,7.255,6.752,6.782,6.415,7.328,6.533],"open_stage":[66339.614,53666.002,59287.038,65740.064,61733.993,54133.163,42923.117,28440.750]},"memory":{"uploaded_tensors":8,"uploaded_bytes":156142896212,"arena_bytes":[22524134668,21494393612,21494393612,21494393612,21494393612,17922654732,17901334540,11817197824]}}
