{"prompt_tokens":18,"generated_tokens":1,"total_input_tokens":18,"tokens":[{"id":926,"logit":35.250885,"text":"16","text_hex":"3136"}],"timing_ms":{"open_total":247955.440,"prompt_replay":3486.832,"continuation_decode":0.000,"output_head":4.100,"token_text":0.010,"total":3490.966,"prompt_tokens_per_second":5.162279,"continuation_tokens_per_second":0.000000,"generated_tokens_per_second":0.286454,"stage_decode":[1026.743,377.467,380.586,379.282,378.995,319.649,402.174,217.404],"handoff":[0.665,0.632,0.692,0.604,0.761,0.606,0.573],"open_stage":[25004.324,37077.620,25677.701,40584.566,37131.215,26486.259,43359.655,12614.099]},"memory":{"uploaded_tensors":1328,"uploaded_bytes":156142862684,"arena_bytes":[22524134668,21494393612,21494393612,21494393612,21494393612,17922654732,17901334540,11817197824]}}
