{"prompt_tokens":18,"generated_tokens":1,"total_input_tokens":18,"tokens":[{"id":926,"logit":35.250885,"text":"16","text_hex":"3136"}],"timing_ms":{"open_total":247955.440,"prompt_replay":2602.772,"continuation_decode":0.000,"output_head":3.384,"token_text":0.003,"total":2606.177,"prompt_tokens_per_second":6.915704,"continuation_tokens_per_second":0.000000,"generated_tokens_per_second":0.383704,"stage_decode":[347.259,349.003,349.539,349.174,348.955,292.096,362.466,200.760],"handoff":[0.567,0.512,0.397,0.525,0.495,0.439,0.585],"open_stage":[25004.324,37077.620,25677.701,40584.566,37131.215,26486.259,43359.655,12614.099]},"memory":{"uploaded_tensors":1328,"uploaded_bytes":156142862684,"arena_bytes":[22524134668,21494393612,21494393612,21494393612,21494393612,17922654732,17901334540,11817197824]}}
