{"prompt_tokens":256,"generated_tokens":2,"total_input_tokens":257,"tokens":[{"id":3955,"logit":20.8144321,"text":"\",\n","text_hex":"222c0a"},{"id":361,"logit":25.4019794,"text":"   ","text_hex":"202020"}],"timing_ms":{"open_total":68486.561,"prompt_replay":20431.942,"continuation_decode":82.644,"output_head":4.976,"token_text":0.005,"total":20520.013,"prompt_tokens_per_second":12.529401,"continuation_tokens_per_second":12.100086,"generated_tokens_per_second":0.097466,"stage_decode":[3214.404,3034.438,3045.974,3050.160,3070.786,1947.640,1916.393,1188.372],"stage_profile":{"hc_attn":[0.000,0.000,0.000,0.000,0.000,0.000,0.000,0.000],"attention":[0.000,0.000,0.000,0.000,0.000,0.000,0.000,0.000],"hc_ffn":[0.000,0.000,0.000,0.000,0.000,0.000,0.000,0.000],"ffn":[0.000,0.000,0.000,0.000,0.000,0.000,0.000,0.000],"hc_final":[0.000,0.000,0.000,0.000,0.000,0.000,0.000,0.000],"total":[0.000,0.000,0.000,0.000,0.000,0.000,0.000,0.000]},"handoff":[6.723,6.667,6.282,6.586,7.234,6.430,6.496],"open_stage":[47769.259,49744.938,59422.508,68462.292,41720.576,45851.549,46880.161,20617.405]},"memory":{"uploaded_tensors":8,"uploaded_bytes":156142896212,"arena_bytes":[22524134668,21494393612,21494393612,21494393612,21494393612,17922654732,17901334540,11817197824]}}
