{"prompt_tokens":1024,"generated_tokens":2,"total_input_tokens":1025,"tokens":[{"id":926,"logit":22.4414139,"text":"16","text_hex":"3136"},{"id":926,"logit":24.1528893,"text":"16","text_hex":"3136"}],"timing_ms":{"open_total":49841.314,"prompt_replay":66918.694,"continuation_decode":65.796,"output_head":5.027,"token_text":0.117,"total":66991.050,"prompt_tokens_per_second":15.302152,"continuation_tokens_per_second":15.198459,"generated_tokens_per_second":0.029855,"stage_decode":[9876.568,9247.724,9248.722,9217.706,9172.163,7721.094,7622.962,4708.878],"stage_profile":{"hc_attn":[0.000,0.000,0.000,0.000,0.000,0.000,0.000,0.000],"attention":[0.000,0.000,0.000,0.000,0.000,0.000,0.000,0.000],"hc_ffn":[0.000,0.000,0.000,0.000,0.000,0.000,0.000,0.000],"ffn":[0.000,0.000,0.000,0.000,0.000,0.000,0.000,0.000],"hc_final":[0.000,0.000,0.000,0.000,0.000,0.000,0.000,0.000],"total":[0.000,0.000,0.000,0.000,0.000,0.000,0.000,0.000]},"handoff":[23.994,23.566,24.166,22.169,25.691,24.865,24.222],"open_stage":[43888.745,44471.976,47183.147,49787.255,44612.539,34284.051,41269.504,21305.704]},"memory":{"uploaded_tensors":8,"uploaded_bytes":156142896212,"arena_bytes":[22524134668,21494393612,21494393612,21494393612,21494393612,17922654732,17901334540,11817197824]}}
