{
  "candidate": {
    "client_generated_tok_s": 8.21212433262282,
    "failure_count": 0,
    "gpu_sample_count": 1544,
    "gpu_util_avg": 6.425518134715026,
    "gpu_util_max": 25.0,
    "http_200": 30,
    "output_head_first_token": 118235,
    "ready": true,
    "requests": 30,
    "response_00_sequence": [
      115959,
      65804,
      94385,
      109865,
      76564,
      102220,
      39448,
      108527,
      126440,
      47825,
      94385,
      98751,
      27535,
      50011,
      52762,
      57648,
      121932,
      123477,
      65804,
      57648,
      43430,
      113976,
      58818,
      86052,
      57648,
      57648,
      108877,
      98751,
      123477,
      27551,
      118235,
      113976
    ],
    "scaffold_sum_ep_ms": 458.025758,
    "scaffold_sum_hc_current_input_ms": 872.102037,
    "scaffold_sum_pre_ep_attention_output_ms": 437.980246,
    "scaffold_sum_pre_ep_attention_projection_ms": 51.609104,
    "scaffold_sum_pre_ep_attention_state_ms": 39.803595,
    "scaffold_sum_pre_ep_compressed_kv_ms": 74.552091,
    "scaffold_sum_pre_ep_post_attention_ffn_input_ms": 130.11834,
    "server_continuation_tok_s_decode": 21.069065,
    "server_generated_tok_s_decode": 21.08917,
    "tokens": 32,
    "vram_after_lazy_output_head_close_min_free_mib": 1692,
    "vram_failures": 0,
    "vram_min_free_mib": 1556,
    "vram_nccl_after_lazy_output_head_close_min_free_mib": 1692
  },
  "candidate_active": true,
  "candidate_dir": "/workspace/logs/sprint413-post-attn-slot30-http-ab/candidate/none-hc-nccl-allgather-hc-stream-sync-attention-output-nccl-allgather-post-attention-ffn-input-model-router-no-route-plan-async-upload-compact-moe",
  "candidate_profile_returncode": 0,
  "candidate_readiness_returncode": 0,
  "candidate_reserve_blocked": false,
  "candidate_served": true,
  "control": {
    "client_generated_tok_s": 16.197411761359966,
    "failure_count": 0,
    "gpu_sample_count": 800,
    "gpu_util_avg": 3.58375,
    "gpu_util_max": 47.0,
    "http_200": 30,
    "output_head_first_token": 83484,
    "ready": true,
    "requests": 30,
    "response_00_sequence": [
      83480,
      79768,
      46915,
      98751,
      97212,
      2460,
      97466,
      69260,
      31128,
      13655,
      90448,
      32974,
      94704,
      78827,
      117465,
      109502,
      123327,
      92132,
      57045,
      13698,
      87562,
      73669,
      83484,
      83484,
      83484,
      83484,
      83484,
      83484,
      83484,
      83484,
      83484,
      83484
    ],
    "scaffold_sum_ep_ms": 13.363901,
    "scaffold_sum_hc_current_input_ms": 252.846111,
    "scaffold_sum_pre_ep_attention_output_ms": 0.0,
    "scaffold_sum_pre_ep_attention_projection_ms": 53.828568,
    "scaffold_sum_pre_ep_attention_state_ms": 38.409917,
    "scaffold_sum_pre_ep_compressed_kv_ms": 73.466251,
    "scaffold_sum_pre_ep_post_attention_ffn_input_ms": 0.0,
    "server_continuation_tok_s_decode": 104.882275,
    "server_generated_tok_s_decode": 105.035348,
    "tokens": 32,
    "vram_after_lazy_output_head_close_min_free_mib": 2466,
    "vram_failures": 0,
    "vram_min_free_mib": 2332,
    "vram_nccl_after_lazy_output_head_close_min_free_mib": 2466
  },
  "control_dir": "/workspace/logs/sprint413-post-attn-slot30-http-ab/control/none-hc-nccl-allgather-hc-stream-sync-model-router-compact-moe",
  "control_profile_returncode": 0,
  "control_readiness_returncode": 0,
  "decision": "true-attention-post-attention-serving-operational",
  "ratios": {
    "client_generated_tok_s": 0.5070022577442529,
    "gpu_util_avg": 1.792959367900949,
    "scaffold_sum_pre_ep_attention_output_ms": null,
    "scaffold_sum_pre_ep_attention_projection_ms": 0.9587679166943472,
    "scaffold_sum_pre_ep_attention_state_ms": 1.0362843273001605,
    "scaffold_sum_pre_ep_compressed_kv_ms": 1.0147801199220035,
    "scaffold_sum_pre_ep_post_attention_ffn_input_ms": null,
    "server_continuation_tok_s_decode": 0.20088298999997853,
    "server_generated_tok_s_decode": 0.20078164543235483,
    "vram_min_free_mib": 0.6672384219554031
  },
  "schema": "ds4_v100_tp_ep_true_attn_http_ab.v1",
  "shape": {
    "ctx": 262144,
    "position": 262080,
    "requests": 30,
    "slots": 30,
    "tokens": 32
  }
}
