{"prompt_tokens":18,"generated_tokens":2,"total_input_tokens":19,"tokens":[{"id":926,"logit":35.2504807,"text":"16","text_hex":"3136"},{"id":1,"logit":39.3046379,"text":"<пЅњendв–Ѓofв–ЃsentenceпЅњ>","text_hex":"3cefbd9c656e64e296816f66e2968173656e74656e6365efbd9c3e"}],"timing_ms":{"open_total":54745.985,"prompt_replay":3478.760,"continuation_decode":131.622,"output_head":6.578,"token_text":0.018,"total":3617.013,"prompt_tokens_per_second":5.174257,"continuation_tokens_per_second":7.597510,"generated_tokens_per_second":0.552942,"stage_decode":[1224.417,373.084,367.927,365.312,362.505,302.990,393.961,215.030],"handoff":[0.771,0.574,0.741,0.790,0.739,0.989,0.550],"open_stage":[50503.506,36890.311,54700.774,45211.691,15242.333,15111.357,12874.875,9104.172]},"memory":{"uploaded_tensors":1328,"uploaded_bytes":156142862684,"arena_bytes":[22524134668,21494393612,21494393612,21494393612,21494393612,17922654732,17901334540,11817197824]}}
