{"prompt_tokens":1024,"generated_tokens":2,"total_input_tokens":1025,"tokens":[{"id":926,"logit":25.1180344,"text":"16","text_hex":"3136"},{"id":926,"logit":24.0265198,"text":"16","text_hex":"3136"}],"timing_ms":{"open_total":58367.743,"prompt_replay":70735.371,"continuation_decode":68.600,"output_head":5.031,"token_text":3.343,"total":70813.957,"prompt_tokens_per_second":14.476492,"continuation_tokens_per_second":14.577239,"generated_tokens_per_second":0.028243,"stage_decode":[10333.490,9768.950,9777.185,9779.979,9717.004,8174.385,8054.151,5009.254],"stage_profile":{"hc_attn":[427.686,423.115,428.053,425.003,419.438,352.717,349.157,214.930],"attention":[4954.350,5195.556,5205.062,5206.496,5176.165,4370.842,4245.734,2667.781],"attn_proj":[1645.187,1642.292,1649.515,1649.339,1637.919,1367.894,1362.192,822.911],"attn_cache":[371.525,529.682,527.246,528.345,522.541,464.132,406.934,297.189],"attn_softmax":[669.818,763.707,765.594,763.562,761.708,660.691,604.888,407.138],"attn_inverse_rope":[51.010,51.659,52.482,51.387,48.893,41.419,40.677,24.680],"attn_output":[2164.539,2162.649,2164.053,2161.918,2152.016,1796.926,1791.648,1079.967],"hc_ffn":[522.183,519.870,523.068,520.984,513.800,430.216,428.730,259.574],"ffn":[3068.886,3010.670,2999.476,3007.409,2992.429,2491.644,2499.466,1533.180],"hc_final":[60.175,60.483,60.663,60.033,58.026,48.821,48.003,29.297],"total":[9033.280,9209.694,9216.323,9219.925,9159.857,7694.240,7571.091,4704.761]},"handoff":[28.734,29.498,26.490,24.862,27.467,27.111,25.411],"open_stage":[50154.439,56508.108,45878.846,58316.628,53312.752,40155.592,53642.211,41060.903]},"memory":{"uploaded_tensors":8,"uploaded_bytes":156142896212,"arena_bytes":[22524134668,21494393612,21494393612,21494393612,21494393612,17922654732,17901334540,11817197824]}}
