{
  "prompt": 14.476492,
  "cont": 14.577239,
  "ids": [
    926,
    926
  ],
  "sums": {
    "attn": 37021.986000000004,
    "proj": 11777.249,
    "cache": 3647.594,
    "softmax": 5397.106,
    "inverse": 362.20700000000005,
    "output": 15473.715999999999,
    "ffn": 21603.16,
    "total": 65809.171
  }
}
