{"prompt_tokens":256,"generated_tokens":2,"total_input_tokens":257,"tokens":[{"id":3955,"logit":20.4866753,"text":"\",\n","text_hex":"222c0a"},{"id":361,"logit":25.3463478,"text":"   ","text_hex":"202020"}],"timing_ms":{"open_total":58122.608,"prompt_replay":17374.140,"continuation_decode":62.996,"output_head":5.326,"token_text":0.125,"total":17442.895,"prompt_tokens_per_second":14.734542,"continuation_tokens_per_second":15.874062,"generated_tokens_per_second":0.114660,"stage_decode":[3075.871,2348.680,2369.591,2298.616,2284.330,1924.544,1893.996,1193.693],"stage_profile":{"hc_attn":[0.000,0.000,0.000,0.000,0.000,0.000,0.000,0.000],"attention":[0.000,0.000,0.000,0.000,0.000,0.000,0.000,0.000],"hc_ffn":[0.000,0.000,0.000,0.000,0.000,0.000,0.000,0.000],"ffn":[0.000,0.000,0.000,0.000,0.000,0.000,0.000,0.000],"hc_final":[0.000,0.000,0.000,0.000,0.000,0.000,0.000,0.000],"total":[0.000,0.000,0.000,0.000,0.000,0.000,0.000,0.000]},"handoff":[7.157,7.136,6.812,6.599,6.886,6.799,6.427],"open_stage":[58090.074,54766.224,43111.074,36333.698,32964.706,46774.084,50733.619,38719.692]},"memory":{"uploaded_tensors":8,"uploaded_bytes":156142896212,"arena_bytes":[22524134668,21494393612,21494393612,21494393612,21494393612,17922654732,17901334540,11817197824]}}
