{"aggregate_tokens_per_second": 0.38230435709078703, "concurrency": 4, "elapsed_s": 10.46286793705076, "errors": 0, "generated_token_total": 4, "host": "127.0.0.1", "latency_ms": {"avg": 10460.989406943554, "p50": 10461.00101293996, "p95": 10462.045110116014, "p99": 10462.160013952525}, "mode": "off", "mtpa_accepted": 0, "mtpa_attempted": 0, "port": 18133, "requests": 4, "schema": "ds4_v100_aggregate_throughput_case.v1", "status_200": 4, "status_413": 0, "status_429": 0, "status_other": 0, "token_match": 4, "token_mismatch": 0}
