{"prompt_tokens":18,"generated_tokens":2,"total_input_tokens":19,"tokens":[{"id":926,"logit":35.250885,"text":"16","text_hex":"3136"},{"id":1,"logit":39.3052406,"text":"<｜end▁of▁sentence｜>","text_hex":"3cefbd9c656e64e296816f66e2968173656e74656e6365efbd9c3e"}],"timing_ms":{"open_total":301701.831,"prompt_replay":3591.910,"continuation_decode":143.450,"output_head":6.960,"token_text":0.008,"total":3742.370,"prompt_tokens_per_second":5.011262,"continuation_tokens_per_second":6.971072,"generated_tokens_per_second":0.534421,"stage_decode":[1121.200,398.293,396.399,401.009,408.364,340.115,427.484,236.960],"handoff":[0.819,0.820,0.770,0.960,0.900,0.683,0.583],"open_stage":[49770.269,44981.809,43231.482,27192.011,46025.117,39565.968,32224.072,18663.312]},"memory":{"uploaded_tensors":1328,"uploaded_bytes":156142862684,"arena_bytes":[22524134668,21494393612,21494393612,21494393612,21494393612,17922654732,17901334540,11817197824]}}
