{"cases": [{"backend": "tp_ep_launcher_http", "compose_copy_ms": 930.176638, "compose_final_ms": 557.655877, "compose_ms": 1684.3250710000002, "compose_reduce_ms": 196.49255599999998, "continuation_tok_s": 781.9228206858085, "continuation_tok_s_decode": 1033.741358944344, "continuation_tokens": 2976, "ctx": 262144, "dense_ms": 0.0, "elapsed_s": 3.98424704, "ep_ms": 1334.051119, "generated_tok_s": 771.0365268916657, "generated_tok_s_decode": 1017.4374120262739, "generated_tokens": 3072, "generation_requests": 3, "gpu_mem_used_max_mib": 13184.0, "gpu_util_avg": 11.214285714285714, "gpu_util_max": 31.0, "schema": "ds4_v100_tp_ep_sustained_http_case.v3", "slots": 32, "status_200": 96, "token_match": 96, "token_mismatch": 0, "tokens_per_request": 32}, {"backend": "tp_ep_launcher_http", "compose_copy_ms": 1808.0011180000001, "compose_final_ms": 1077.908328, "compose_ms": 3266.704197, "compose_reduce_ms": 380.794751, "continuation_tok_s": 799.3917551850188, "continuation_tok_s_decode": 1051.722518627227, "continuation_tokens": 6048, "ctx": 262144, "dense_ms": 0.0, "elapsed_s": 7.7312718700000005, "ep_ms": 2613.815141, "generated_tok_s": 794.6945991953585, "generated_tok_s_decode": 1044.4574351028998, "generated_tokens": 6144, "generation_requests": 3, "gpu_mem_used_max_mib": 13184.0, "gpu_util_avg": 11.834821428571429, "gpu_util_max": 32.0, "schema": "ds4_v100_tp_ep_sustained_http_case.v3", "slots": 32, "status_200": 96, "token_match": 96, "token_mismatch": 0, "tokens_per_request": 64}], "schema": "ds4_v100_tp_ep_sustained_http.v3"}
