{"prompt_tokens":18,"generated_tokens":2,"total_input_tokens":19,"tokens":[{"id":926,"logit":35.250885,"text":"16","text_hex":"3136"},{"id":1,"logit":39.3052406,"text":"<пЅњendв–Ѓofв–ЃsentenceпЅњ>","text_hex":"3cefbd9c656e64e296816f66e2968173656e74656e6365efbd9c3e"}],"timing_ms":{"open_total":292974.672,"prompt_replay":2613.973,"continuation_decode":142.953,"output_head":5.671,"token_text":0.007,"total":2762.617,"prompt_tokens_per_second":6.886071,"continuation_tokens_per_second":6.995312,"generated_tokens_per_second":0.723951,"stage_decode":[366.685,368.577,369.506,368.618,368.511,308.710,394.186,208.421],"handoff":[0.631,0.489,0.479,0.582,0.567,0.486,0.476],"open_stage":[61355.895,27371.520,43443.806,38415.123,36454.757,38544.214,33794.940,13565.852]},"memory":{"uploaded_tensors":1328,"uploaded_bytes":156142862684,"arena_bytes":[22524134668,21494393612,21494393612,21494393612,21494393612,17922654732,17901334540,11817197824]}}
