{"prompt_tokens":18,"generated_tokens":2,"total_input_tokens":19,"tokens":[{"id":926,"logit":35.250885,"text":"16","text_hex":"3136"},{"id":1,"logit":39.3052406,"text":"<｜end▁of▁sentence｜>","text_hex":"3cefbd9c656e64e296816f66e2968173656e74656e6365efbd9c3e"}],"timing_ms":{"open_total":292974.672,"prompt_replay":3505.265,"continuation_decode":143.607,"output_head":6.860,"token_text":0.020,"total":3655.775,"prompt_tokens_per_second":5.135132,"continuation_tokens_per_second":6.963440,"generated_tokens_per_second":0.547080,"stage_decode":[1021.471,419.541,399.236,400.399,404.126,339.613,424.846,234.585],"handoff":[0.779,0.754,0.780,0.834,0.617,0.634,0.656],"open_stage":[61355.895,27371.520,43443.806,38415.123,36454.757,38544.214,33794.940,13565.852]},"memory":{"uploaded_tensors":1328,"uploaded_bytes":156142862684,"arena_bytes":[22524134668,21494393612,21494393612,21494393612,21494393612,17922654732,17901334540,11817197824]}}
