{"prompt_tokens":18,"generated_tokens":1,"total_input_tokens":18,"tokens":[{"id":926,"logit":35.150177,"text":"16","text_hex":"3136"}],"timing_ms":{"open_total":69264.555,"prompt_replay":2523.755,"continuation_decode":0.000,"output_head":2.720,"token_text":0.002,"total":2526.529,"prompt_tokens_per_second":7.132230,"continuation_tokens_per_second":0.000000,"generated_tokens_per_second":0.395800,"stage_decode":[1254.079,200.014,208.325,180.263,205.755,178.421,173.011,120.737],"stage_profile":{"hc_attn":[0.000,0.000,0.000,0.000,0.000,0.000,0.000,0.000],"attention":[0.000,0.000,0.000,0.000,0.000,0.000,0.000,0.000],"hc_ffn":[0.000,0.000,0.000,0.000,0.000,0.000,0.000,0.000],"ffn":[0.000,0.000,0.000,0.000,0.000,0.000,0.000,0.000],"hc_final":[0.000,0.000,0.000,0.000,0.000,0.000,0.000,0.000],"total":[0.000,0.000,0.000,0.000,0.000,0.000,0.000,0.000]},"handoff":[0.492,0.465,0.356,0.476,0.473,0.452,0.436],"open_stage":[23773.092,69222.791,47513.220,51012.266,54069.499,53546.758,52852.913,43568.906]},"memory":{"uploaded_tensors":8,"uploaded_bytes":156142896212,"arena_bytes":[22524134668,21494393612,21494393612,21494393612,21494393612,17922654732,17901334540,11817197824]}}
