{"cases": [{"backend": "tp_ep_launcher_http", "compose_copy_ms": 1365.8430090000002, "compose_final_ms": 201.694161, "compose_ms": 1842.727542, "compose_reduce_ms": 275.190372, "continuation_tok_s": 752.7037894064943, "continuation_tok_s_decode": 978.18141440469, "continuation_tokens": 2976, "ctx": 262144, "dense_ms": 0.0, "elapsed_s": 4.135161463999999, "ep_ms": 1345.860853, "generated_tok_s": 742.8972306751019, "generated_tok_s_decode": 963.1202728165337, "generated_tokens": 3072, "generation_requests": 3, "gpu_mem_used_max_mib": 13184.0, "gpu_util_avg": 18.0, "gpu_util_max": 40.0, "schema": "ds4_v100_tp_ep_sustained_http_case.v3", "slots": 32, "status_200": 96, "token_match": 96, "token_mismatch": 0, "tokens_per_request": 32}, {"backend": "tp_ep_launcher_http", "compose_copy_ms": 2569.208878, "compose_final_ms": 439.87084, "compose_ms": 3626.650073, "compose_reduce_ms": 617.5703550000001, "continuation_tok_s": 744.7915194941189, "continuation_tok_s_decode": 984.1763930757294, "continuation_tokens": 6048, "ctx": 262144, "dense_ms": 0.0, "elapsed_s": 8.307047777, "ep_ms": 2663.985462, "generated_tok_s": 739.6129365008707, "generated_tok_s_decode": 976.3872819914324, "generated_tokens": 6144, "generation_requests": 3, "gpu_mem_used_max_mib": 13184.0, "gpu_util_avg": 16.214285714285715, "gpu_util_max": 33.0, "schema": "ds4_v100_tp_ep_sustained_http_case.v3", "slots": 32, "status_200": 96, "token_match": 96, "token_mismatch": 0, "tokens_per_request": 64}], "schema": "ds4_v100_tp_ep_sustained_http.v3"}
