{"aggregate_tokens_per_second": 0.37594034542917204, "concurrency": 4, "elapsed_s": 21.279971935087815, "errors": 0, "generated_token_total": 8, "host": "127.0.0.1", "latency_ms": {"avg": 9359.771238901885, "p50": 10231.12042847788, "p95": 11051.044437335804, "p99": 11051.434147497639}, "mode": "off", "mtpa_accepted": 0, "mtpa_attempted": 0, "port": 18121, "requests": 8, "schema": "ds4_v100_aggregate_throughput_case.v1", "status_200": 8, "status_413": 0, "status_429": 0, "status_other": 0, "token_match": 8, "token_mismatch": 0}
