{"aggregate_tokens_per_second": 0.32675460156165986, "concurrency": 8, "elapsed_s": 12.241602661088109, "errors": 0, "generated_token_total": 4, "host": "127.0.0.1", "latency_ms": {"avg": 10089.15679671918, "p50": 12239.74232643377, "p95": 12240.916250401642, "p99": 12241.063812493812}, "mode": "off", "mtpa_accepted": 0, "mtpa_attempted": 0, "port": 18202, "requests": 4, "schema": "ds4_v100_aggregate_throughput_case.v1", "status_200": 4, "status_413": 0, "status_429": 0, "status_other": 0, "token_match": 4, "token_mismatch": 0}
