{
  "candidate": {
    "client_generated_tok_s": 7.543522997079557,
    "failure_count": 0,
    "gpu_sample_count": 1560,
    "gpu_util_avg": 5.844230769230769,
    "gpu_util_max": 24.0,
    "http_200": 28,
    "output_head_first_token": 25689,
    "ready": true,
    "requests": 28,
    "response_00_sequence": [
      32461,
      124727,
      73288,
      123477,
      107880,
      63104,
      95158,
      32974,
      58572,
      32974,
      33611,
      26343,
      1853,
      123477,
      110614,
      70623,
      64811,
      118187,
      3090,
      23824,
      14868,
      39913,
      6256,
      50615,
      27623,
      32461,
      43048,
      90042,
      128818,
      117160,
      25689,
      91569
    ],
    "scaffold_sum_ep_ms": 446.687363,
    "scaffold_sum_hc_current_input_ms": 880.779219,
    "scaffold_sum_pre_ep_attention_output_ms": 460.797268,
    "scaffold_sum_pre_ep_attention_projection_ms": 49.550538,
    "scaffold_sum_pre_ep_attention_state_ms": 36.933089,
    "scaffold_sum_pre_ep_compressed_kv_ms": 73.616155,
    "scaffold_sum_pre_ep_post_attention_ffn_input_ms": 129.119597,
    "server_continuation_tok_s_decode": 19.693809,
    "server_generated_tok_s_decode": 19.70859,
    "tokens": 32,
    "vram_after_lazy_output_head_close_min_free_mib": 1924,
    "vram_failures": 0,
    "vram_min_free_mib": 1790,
    "vram_nccl_after_lazy_output_head_close_min_free_mib": 1924
  },
  "candidate_active": true,
  "candidate_dir": "/workspace/logs/sprint414-semantic-noskip-28slot-http-ab/candidate/none-hc-nccl-allgather-hc-stream-sync-attention-output-nccl-allgather-post-attention-ffn-input-model-router-no-route-plan-async-upload-compact-moe",
  "candidate_profile_returncode": 0,
  "candidate_readiness_returncode": 0,
  "candidate_reserve_blocked": false,
  "candidate_served": true,
  "control": {
    "client_generated_tok_s": 14.530917752011,
    "failure_count": 0,
    "gpu_sample_count": 800,
    "gpu_util_avg": 2.9325,
    "gpu_util_max": 42.0,
    "http_200": 28,
    "output_head_first_token": 83484,
    "ready": true,
    "requests": 28,
    "response_00_sequence": [
      83480,
      79768,
      46915,
      98751,
      97212,
      2460,
      97466,
      69260,
      31128,
      13655,
      90448,
      32974,
      94704,
      78827,
      117465,
      109502,
      123327,
      92132,
      57045,
      13698,
      87562,
      73669,
      83484,
      83484,
      83484,
      83484,
      83484,
      83484,
      83484,
      83484,
      83484,
      83484
    ],
    "scaffold_sum_ep_ms": 15.515632,
    "scaffold_sum_hc_current_input_ms": 263.240749,
    "scaffold_sum_pre_ep_attention_output_ms": 0.0,
    "scaffold_sum_pre_ep_attention_projection_ms": 55.879071,
    "scaffold_sum_pre_ep_attention_state_ms": 39.388492,
    "scaffold_sum_pre_ep_compressed_kv_ms": 79.900473,
    "scaffold_sum_pre_ep_post_attention_ffn_input_ms": 0.0,
    "server_continuation_tok_s_decode": 97.444398,
    "server_generated_tok_s_decode": 97.486879,
    "tokens": 32,
    "vram_after_lazy_output_head_close_min_free_mib": 2700,
    "vram_failures": 0,
    "vram_min_free_mib": 2566,
    "vram_nccl_after_lazy_output_head_close_min_free_mib": 2700
  },
  "control_dir": "/workspace/logs/sprint414-semantic-noskip-28slot-http-ab/control/none-hc-nccl-allgather-hc-stream-sync-model-router-compact-moe",
  "control_profile_returncode": 0,
  "control_readiness_returncode": 0,
  "decision": "true-attention-post-attention-serving-operational",
  "ratios": {
    "client_generated_tok_s": 0.5191360329622383,
    "gpu_util_avg": 1.9929175683651386,
    "scaffold_sum_pre_ep_attention_output_ms": null,
    "scaffold_sum_pre_ep_attention_projection_ms": 0.8867459160156761,
    "scaffold_sum_pre_ep_attention_state_ms": 0.9376619191209453,
    "scaffold_sum_pre_ep_compressed_kv_ms": 0.9213481752479739,
    "scaffold_sum_pre_ep_post_attention_ffn_input_ms": null,
    "server_continuation_tok_s_decode": 0.20210303931478954,
    "server_generated_tok_s_decode": 0.20216659105478185,
    "vram_min_free_mib": 0.6975837879968823
  },
  "schema": "ds4_v100_tp_ep_true_attn_http_ab.v1",
  "shape": {
    "ctx": 262144,
    "position": 262080,
    "requests": 28,
    "slots": 28,
    "tokens": 32
  }
}
