{"aggregate_tokens_per_second": 0.34640198106114095, "concurrency": 1, "elapsed_s": 11.547278071986511, "errors": 0, "generated_token_total": 4, "host": "127.0.0.1", "latency_ms": {"avg": 2886.5891387686133, "p50": 2616.935661993921, "p95": 3539.2076417396306, "p99": 3669.0716011926997}, "mode": "off", "mtpa_accepted": 0, "mtpa_attempted": 0, "port": 18144, "requests": 4, "schema": "ds4_v100_aggregate_throughput_case.v1", "status_200": 4, "status_413": 0, "status_429": 0, "status_other": 0, "token_match": 4, "token_mismatch": 0}
