{"aggregate_tokens_per_second": 0.3595872298016703, "concurrency": 2, "elapsed_s": 11.123865556088276, "errors": 0, "generated_token_total": 4, "host": "127.0.0.1", "latency_ms": {"avg": 4920.769890741212, "p50": 5109.841762459837, "p95": 5872.126961086178, "p99": 5978.58368669753}, "mode": "off", "mtpa_accepted": 0, "mtpa_attempted": 0, "port": 18162, "requests": 4, "schema": "ds4_v100_aggregate_throughput_case.v1", "status_200": 4, "status_413": 0, "status_429": 0, "status_other": 0, "token_match": 4, "token_mismatch": 0}
