{"aggregate_tokens_per_second": 0.34796218903970827, "concurrency": 1, "elapsed_s": 11.495501884957775, "errors": 0, "generated_token_total": 4, "host": "127.0.0.1", "latency_ms": {"avg": 2873.6832920112647, "p50": 2626.5889720525593, "p95": 3470.7256705150935, "p99": 3589.712712459732}, "mode": "off", "mtpa_accepted": 0, "mtpa_attempted": 0, "port": 18128, "requests": 4, "schema": "ds4_v100_aggregate_throughput_case.v1", "status_200": 4, "status_413": 0, "status_429": 0, "status_other": 0, "token_match": 4, "token_mismatch": 0}
