{"prompt_tokens":18,"generated_tokens":2,"total_input_tokens":19,"tokens":[{"id":926,"logit":35.250885,"text":"16","text_hex":"3136"},{"id":1,"logit":39.3052406,"text":"<пЅњendв–Ѓofв–ЃsentenceпЅњ>","text_hex":"3cefbd9c656e64e296816f66e2968173656e74656e6365efbd9c3e"}],"timing_ms":{"open_total":55592.653,"prompt_replay":3799.258,"continuation_decode":144.671,"output_head":7.749,"token_text":0.009,"total":3951.722,"prompt_tokens_per_second":4.737767,"continuation_tokens_per_second":6.912252,"generated_tokens_per_second":0.506108,"stage_decode":[1269.163,395.940,398.803,392.960,422.367,371.708,454.513,230.420],"handoff":[1.145,1.042,1.213,1.098,1.012,1.189,1.356],"open_stage":[34429.929,51669.512,35480.005,55572.533,50376.306,43915.670,37031.915,12586.751]},"memory":{"uploaded_tensors":1328,"uploaded_bytes":156142862684,"arena_bytes":[22524134668,21494393612,21494393612,21494393612,21494393612,17922654732,17901334540,11817197824]}}
