{"prompt_tokens":256,"generated_tokens":2,"total_input_tokens":257,"tokens":[{"id":3955,"logit":20.7569618,"text":"\",\n","text_hex":"222c0a"},{"id":361,"logit":25.2417297,"text":"   ","text_hex":"202020"}],"timing_ms":{"open_total":64706.902,"prompt_replay":20240.726,"continuation_decode":71.905,"output_head":5.437,"token_text":6.088,"total":20324.633,"prompt_tokens_per_second":12.647768,"continuation_tokens_per_second":13.907233,"generated_tokens_per_second":0.098403,"stage_decode":[3041.099,3053.076,3040.435,3053.469,3025.846,1945.304,1913.600,1185.159],"stage_profile":{"hc_attn":[0.000,0.000,0.000,0.000,0.000,0.000,0.000,0.000],"attention":[0.000,0.000,0.000,0.000,0.000,0.000,0.000,0.000],"hc_ffn":[0.000,0.000,0.000,0.000,0.000,0.000,0.000,0.000],"ffn":[0.000,0.000,0.000,0.000,0.000,0.000,0.000,0.000],"hc_final":[0.000,0.000,0.000,0.000,0.000,0.000,0.000,0.000],"total":[0.000,0.000,0.000,0.000,0.000,0.000,0.000,0.000]},"handoff":[6.657,8.466,8.365,8.134,8.112,7.433,7.475],"open_stage":[50795.852,64679.066,57620.438,45038.459,31224.965,51916.158,48644.546,42149.286]},"memory":{"uploaded_tensors":8,"uploaded_bytes":156142896212,"arena_bytes":[22524134668,21494393612,21494393612,21494393612,21494393612,17922654732,17901334540,11817197824]}}
