{"aggregate_tokens_per_second": 0.35350286637695233, "concurrency": 4, "elapsed_s": 11.315325504983775, "errors": 0, "generated_token_total": 4, "host": "127.0.0.1", "latency_ms": {"avg": 8754.40613552928, "p50": 8754.804661031812, "p95": 11314.555095881224, "p99": 11314.728746451437}, "mode": "off", "mtpa_accepted": 0, "mtpa_attempted": 0, "port": 18141, "requests": 4, "schema": "ds4_v100_aggregate_throughput_case.v1", "status_200": 4, "status_413": 0, "status_429": 0, "status_other": 0, "token_match": 4, "token_mismatch": 0}
