{"backend": "tp_ep_launcher_http", "compose_copy_ms": 1804.154142, "compose_final_ms": 1093.931309, "compose_ms": 3287.921614, "compose_reduce_ms": 389.836163, "continuation_tok_s": 796.8943362250311, "continuation_tok_s_decode": 1049.3698830809203, "continuation_tokens": 6048, "ctx": 262144, "dense_ms": 0.0, "elapsed_s": 7.7629289419999985, "ep_ms": 2612.143309, "generated_tok_s": 791.4538502032318, "generated_tok_s_decode": 1041.0013731346912, "generated_tokens": 6144, "generation_requests": 3, "gpu_mem_used_max_mib": 13184.0, "gpu_util_avg": 11.919642857142858, "gpu_util_max": 32.0, "schema": "ds4_v100_tp_ep_sustained_http_case.v3", "slots": 32, "status_200": 96, "token_match": 96, "token_mismatch": 0, "tokens_per_request": 64}
