{"prompt_tokens":18,"generated_tokens":2,"total_input_tokens":19,"tokens":[{"id":926,"logit":35.250885,"text":"16","text_hex":"3136"},{"id":1,"logit":39.3052406,"text":"<｜end▁of▁sentence｜>","text_hex":"3cefbd9c656e64e296816f66e2968173656e74656e6365efbd9c3e"}],"timing_ms":{"open_total":79174.528,"prompt_replay":3609.714,"continuation_decode":145.243,"output_head":13.638,"token_text":0.024,"total":3768.651,"prompt_tokens_per_second":4.986545,"continuation_tokens_per_second":6.885006,"generated_tokens_per_second":0.530694,"stage_decode":[1165.429,403.777,401.660,400.500,398.929,334.723,417.872,226.932],"handoff":[0.751,0.656,0.770,0.635,0.616,0.664,1.043],"open_stage":[79147.990,64041.023,67650.159,78370.953,74538.204,41084.937,73681.890,56168.996]},"memory":{"uploaded_tensors":1328,"uploaded_bytes":156142862684,"arena_bytes":[22524134668,21494393612,21494393612,21494393612,21494393612,17922654732,17901334540,11817197824]}}
