{"aggregate_tokens_per_second": 0.3558361252869377, "concurrency": 2, "elapsed_s": 11.241129597998224, "errors": 0, "generated_token_total": 4, "host": "127.0.0.1", "latency_ms": {"avg": 4982.96615248546, "p50": 5095.886671508197, "p95": 5988.514991576085, "p99": 6114.37227904913}, "mode": "off", "mtpa_accepted": 0, "mtpa_attempted": 0, "port": 18146, "requests": 4, "schema": "ds4_v100_aggregate_throughput_case.v1", "status_200": 4, "status_413": 0, "status_429": 0, "status_other": 0, "token_match": 4, "token_mismatch": 0}
