{"prompt_tokens":18,"generated_tokens":1,"total_input_tokens":18,"tokens":[{"id":926,"logit":35.250885,"text":"16","text_hex":"3136"}],"timing_ms":{"open_total":268005.536,"prompt_replay":3521.772,"continuation_decode":0.000,"output_head":3.714,"token_text":0.003,"total":3525.509,"prompt_tokens_per_second":5.111063,"continuation_tokens_per_second":0.000000,"generated_tokens_per_second":0.283647,"stage_decode":[1051.894,373.155,374.000,378.704,373.348,339.316,415.031,211.912],"handoff":[0.687,0.705,0.592,0.576,0.692,0.615,0.546],"open_stage":[37114.977,53408.656,32732.587,27011.650,24691.540,33645.227,38635.246,20744.337]},"memory":{"uploaded_tensors":1328,"uploaded_bytes":156142862684,"arena_bytes":[22524134668,21494393612,21494393612,21494393612,21494393612,17922654732,17901334540,11817197824]}}
