{"prompt_tokens":18,"generated_tokens":1,"total_input_tokens":18,"tokens":[{"id":926,"logit":35.250885,"text":"16","text_hex":"3136"}],"timing_ms":{"open_total":268005.536,"prompt_replay":2649.336,"continuation_decode":0.000,"output_head":2.926,"token_text":0.005,"total":2652.288,"prompt_tokens_per_second":6.794154,"continuation_tokens_per_second":0.000000,"generated_tokens_per_second":0.377033,"stage_decode":[349.331,350.726,351.710,351.760,352.331,293.554,388.327,207.522],"handoff":[0.630,0.524,0.582,0.529,0.638,0.624,0.549],"open_stage":[37114.977,53408.656,32732.587,27011.650,24691.540,33645.227,38635.246,20744.337]},"memory":{"uploaded_tensors":1328,"uploaded_bytes":156142862684,"arena_bytes":[22524134668,21494393612,21494393612,21494393612,21494393612,17922654732,17901334540,11817197824]}}
