{"aggregate_tokens_per_second": 0.3509130124621113, "concurrency": 1, "elapsed_s": 11.398836343898438, "errors": 0, "generated_token_total": 4, "host": "127.0.0.1", "latency_ms": {"avg": 2849.5276065077633, "p50": 2617.711129016243, "p95": 3410.312048211926, "p99": 3521.945251255529}, "mode": "off", "mtpa_accepted": 0, "mtpa_attempted": 0, "port": 18121, "requests": 4, "schema": "ds4_v100_aggregate_throughput_case.v1", "status_200": 4, "status_413": 0, "status_429": 0, "status_other": 0, "token_match": 4, "token_mismatch": 0}
