{"prompt_tokens":256,"generated_tokens":2,"total_input_tokens":257,"tokens":[{"id":3955,"logit":20.9987488,"text":"\",\n","text_hex":"222c0a"},{"id":361,"logit":25.2299767,"text":"   ","text_hex":"202020"}],"timing_ms":{"open_total":60290.186,"prompt_replay":18382.950,"continuation_decode":67.922,"output_head":5.462,"token_text":6.106,"total":18462.854,"prompt_tokens_per_second":13.925948,"continuation_tokens_per_second":14.722744,"generated_tokens_per_second":0.108326,"stage_decode":[3396.200,2429.288,2438.767,2442.626,2406.028,2032.683,2005.560,1259.008],"stage_profile":{"hc_attn":[112.765,111.002,111.537,113.667,110.311,92.630,91.065,57.652],"attention":[1216.178,1266.851,1268.580,1273.739,1253.956,1063.323,1035.652,653.554],"attn_proj":[414.012,416.285,416.184,417.373,412.123,345.362,342.884,207.749],"attn_cache":[93.968,132.506,134.186,132.687,130.166,118.243,101.316,74.850],"attn_softmax":[130.389,141.268,142.003,141.745,140.466,120.755,114.280,72.914],"attn_inverse_rope":[13.151,12.808,13.328,12.916,12.115,10.190,10.073,6.127],"attn_output":[544.264,541.586,542.510,542.424,538.261,449.542,448.318,269.543],"hc_ffn":[135.247,133.297,134.650,134.075,131.406,111.033,109.736,66.315],"ffn":[947.946,771.084,773.567,772.907,764.464,640.860,641.125,400.338],"hc_final":[15.521,15.189,15.550,15.139,14.467,12.098,11.997,7.272],"total":[2427.656,2297.423,2303.883,2309.527,2274.604,1919.945,1889.575,1185.131]},"handoff":[5.975,5.711,6.061,5.517,5.685,6.039,5.724],"open_stage":[55090.520,47520.088,60254.338,49737.547,45599.717,53654.191,48064.377,27270.454]},"memory":{"uploaded_tensors":8,"uploaded_bytes":156142896212,"arena_bytes":[22524134668,21494393612,21494393612,21494393612,21494393612,17922654732,17901334540,11817197824]}}
