{
  "prompt": 13.925948,
  "cont": 14.722744,
  "ids": [
    3955,
    361
  ],
  "sums": {
    "attn": 9031.833,
    "proj": 2971.9719999999998,
    "cache": 917.9219999999999,
    "softmax": 1003.8199999999999,
    "inverse": 90.70799999999998,
    "output": 3876.448,
    "ffn": 5712.290999999999,
    "total": 16607.744
  }
}
