{"aggregate_tokens_per_second": 0.32311737833075926, "concurrency": 8, "elapsed_s": 12.37940224900376, "errors": 0, "generated_token_total": 4, "host": "127.0.0.1", "latency_ms": {"avg": 10211.157280486077, "p50": 9489.245804958045, "p95": 11944.23468078603, "p99": 12290.762132952223}, "mode": "off", "mtpa_accepted": 0, "mtpa_attempted": 0, "port": 18166, "requests": 4, "schema": "ds4_v100_aggregate_throughput_case.v1", "status_200": 4, "status_413": 0, "status_429": 0, "status_other": 0, "token_match": 4, "token_mismatch": 0}
