{"prompt_tokens":1024,"generated_tokens":2,"total_input_tokens":1025,"tokens":[{"id":926,"logit":23.7479935,"text":"16","text_hex":"3136"},{"id":926,"logit":25.7010365,"text":"16","text_hex":"3136"}],"timing_ms":{"open_total":54066.741,"prompt_replay":117563.631,"continuation_decode":114.322,"output_head":5.116,"token_text":0.004,"total":117685.049,"prompt_tokens_per_second":8.710177,"continuation_tokens_per_second":8.747221,"generated_tokens_per_second":0.016995,"stage_decode":[16964.206,16290.001,16346.416,16299.078,16175.946,13599.259,13477.733,8268.712],"stage_profile":{"hc_attn":[427.070,426.552,429.601,427.056,426.086,356.303,352.442,217.158],"attention":[11470.299,11694.919,11720.955,11693.094,11614.719,9760.174,9617.364,5896.089],"attn_proj":[1647.243,1644.329,1648.294,1647.011,1637.516,1366.571,1360.185,820.914],"attn_cache":[375.533,530.598,538.210,532.025,524.049,468.560,409.445,300.845],"attn_softmax":[671.439,762.613,764.646,763.789,761.203,661.274,605.283,408.025],"attn_inverse_rope":[50.903,50.886,51.075,51.171,48.814,40.466,41.532,24.478],"attn_output":[8677.957,8659.561,8671.424,8648.204,8591.037,7180.189,7158.565,4303.057],"hc_ffn":[522.993,521.322,523.827,522.119,516.617,433.297,430.095,259.816],"ffn":[3093.015,3010.333,3015.984,3012.188,2985.262,2493.426,2511.832,1538.680],"hc_final":[60.296,59.790,59.973,60.258,58.113,48.262,48.460,29.066],"total":[15573.673,15712.916,15750.340,15714.715,15600.796,13091.461,12960.193,7940.809]},"handoff":[37.298,37.435,36.370,33.456,38.474,37.557,36.012],"open_stage":[54038.425,43961.997,43005.809,10013.892,51722.079,26199.973,38860.108,28354.596]},"memory":{"uploaded_tensors":8,"uploaded_bytes":156142896212,"arena_bytes":[22524134668,21494393612,21494393612,21494393612,21494393612,17922654732,17901334540,11817197824]}}
