{
  "prompt": 8.710177,
  "cont": 8.747221,
  "ids": [
    926,
    926
  ],
  "sums": {
    "attn": 83467.61300000001,
    "proj": 11772.063,
    "cache": 3679.2650000000003,
    "softmax": 5398.272,
    "inverse": 359.325,
    "output": 61889.994000000006,
    "ffn": 21660.72,
    "total": 112344.90299999999
  }
}
