{"aggregate_continuation_tokens_per_second": 3.098016805761077, "aggregate_generated_tokens_per_second": 3.304551259478482, "concurrency": 1, "continuation_token_total": 60, "elapsed_s": 19.367228702059947, "errors": 0, "generated_token_total": 64, "gpu_utilization": {"available": true, "avg_gpu_util_percent": 10.803571428571429, "avg_memory_util_percent": 1.239795918367347, "avg_power_draw_w": 67.5144897959184, "max_gpu_util_percent": 22.0, "max_memory_used_mib": 23594.0, "samples": 392}, "host": "127.0.0.1", "latency_ms": {"avg": 4841.506009252043, "p50": 4840.094795508776, "p95": 4846.450298995478, "p99": 4847.261054994306}, "port": 18220, "requests": 4, "schema": "ds4_v100_sustained_decode_case.v1", "status_200": 4, "status_413": 0, "status_429": 0, "status_other": 0, "timing_avg": {"continuation_decode_ms": 2183.5015, "continuation_tokens_per_second": 6.86974975, "generated_tokens_per_second": 3.30632725, "handoff_ms": [0.788, 0.762, 0.702, 0.6865, 0.656, 0.735, 0.82225], "output_head_ms": 48.645, "prompt_replay_ms": 2606.98375, "prompt_tokens_per_second": 6.9045835, "stage_decode_ms": [637.45525, 642.033, 642.58575, 643.061, 639.5364999999999, 535.009, 677.23775, 368.4155], "token_text_ms": 0.04975, "total_ms": 4839.209}, "token_match": 4, "token_mismatch": 0, "tokens_per_request": 16, "warmup": {"errors": 0, "requests": 1, "status_200": 1, "token_match": 1, "token_mismatch": 0}}
