{
  "candidate": {
    "client_generated_tok_s": 8.69354826447401,
    "failure_count": 2,
    "gpu_sample_count": 1440,
    "gpu_util_avg": 7.124305555555556,
    "gpu_util_max": 24.0,
    "http_200": 32,
    "output_head_first_token": 123477,
    "ready": false,
    "requests": 32,
    "response_00_sequence": [
      122445,
      121932,
      89368,
      121932,
      36155,
      60846,
      94562,
      35717,
      54491,
      35119,
      44742,
      38909,
      64780,
      128819,
      47710,
      114963,
      56697,
      48061,
      28264,
      62673,
      60041,
      10257,
      124155,
      65417,
      32974,
      128816,
      15984,
      70623,
      41456,
      67132,
      123477,
      87337
    ],
    "scaffold_sum_ep_ms": 510.067459,
    "scaffold_sum_hc_current_input_ms": 988.565826,
    "scaffold_sum_pre_ep_attention_output_ms": 512.62943,
    "scaffold_sum_pre_ep_attention_projection_ms": 58.002707,
    "scaffold_sum_pre_ep_attention_state_ms": 44.987935,
    "scaffold_sum_pre_ep_compressed_kv_ms": 80.341195,
    "scaffold_sum_pre_ep_post_attention_ffn_input_ms": 144.063057,
    "server_continuation_tok_s_decode": 20.308358,
    "server_generated_tok_s_decode": 20.315962,
    "tokens": 32,
    "vram_after_lazy_output_head_close_min_free_mib": 1462,
    "vram_failures": 62,
    "vram_min_free_mib": 1328,
    "vram_nccl_after_lazy_output_head_close_min_free_mib": 1462
  },
  "candidate_active": true,
  "candidate_dir": "/workspace/logs/sprint411-true-attn-http-ab-rerun/candidate/none-hc-nccl-allgather-hc-stream-sync-post-attention-ffn-input-model-router-no-route-plan-async-upload-compact-moe",
  "candidate_profile_returncode": 0,
  "candidate_readiness_returncode": 1,
  "control": {
    "client_generated_tok_s": 17.810479266520147,
    "failure_count": 0,
    "gpu_sample_count": 712,
    "gpu_util_avg": 4.198033707865169,
    "gpu_util_max": 46.0,
    "http_200": 32,
    "output_head_first_token": 83484,
    "ready": true,
    "requests": 32,
    "response_00_sequence": [
      83480,
      79768,
      46915,
      98751,
      97212,
      2460,
      97466,
      69260,
      31128,
      13655,
      90448,
      32974,
      94704,
      78827,
      117465,
      109502,
      123327,
      92132,
      57045,
      13698,
      87562,
      73669,
      83484,
      83484,
      83484,
      83484,
      83484,
      83484,
      83484,
      83484,
      83484,
      83484
    ],
    "scaffold_sum_ep_ms": 11.371253,
    "scaffold_sum_hc_current_input_ms": 258.138529,
    "scaffold_sum_pre_ep_attention_output_ms": 0.0,
    "scaffold_sum_pre_ep_attention_projection_ms": 54.322579,
    "scaffold_sum_pre_ep_attention_state_ms": 41.194539,
    "scaffold_sum_pre_ep_compressed_kv_ms": 72.464854,
    "scaffold_sum_pre_ep_post_attention_ffn_input_ms": 0.0,
    "server_continuation_tok_s_decode": 107.964491,
    "server_generated_tok_s_decode": 108.084959,
    "tokens": 32,
    "vram_after_lazy_output_head_close_min_free_mib": 2240,
    "vram_failures": 0,
    "vram_min_free_mib": 2106,
    "vram_nccl_after_lazy_output_head_close_min_free_mib": 2240
  },
  "control_dir": "/workspace/logs/sprint411-true-attn-http-ab-rerun/control/none-hc-nccl-allgather-hc-stream-sync-model-router-compact-moe",
  "control_profile_returncode": 0,
  "control_readiness_returncode": 0,
  "decision": "true-attention-post-attention-serving-blocked",
  "ratios": {
    "client_generated_tok_s": 0.4881142239005327,
    "gpu_util_avg": 1.6970577301959036,
    "scaffold_sum_pre_ep_attention_output_ms": null,
    "scaffold_sum_pre_ep_attention_projection_ms": 1.0677458262797133,
    "scaffold_sum_pre_ep_attention_state_ms": 1.0920849241691963,
    "scaffold_sum_pre_ep_compressed_kv_ms": 1.1086918770304843,
    "scaffold_sum_pre_ep_post_attention_ffn_input_ms": null,
    "server_continuation_tok_s_decode": 0.1881021974160004,
    "server_generated_tok_s_decode": 0.1879628968541312,
    "vram_min_free_mib": 0.630579297245964
  },
  "schema": "ds4_v100_tp_ep_true_attn_http_ab.v1",
  "shape": {
    "ctx": 262144,
    "position": 262080,
    "requests": 32,
    "slots": 32,
    "tokens": 32
  }
}
