{"prompt_tokens":18,"generated_tokens":2,"total_input_tokens":19,"tokens":[{"id":926,"logit":35.250885,"text":"16","text_hex":"3136"},{"id":1,"logit":39.3052406,"text":"<пЅњendв–Ѓofв–ЃsentenceпЅњ>","text_hex":"3cefbd9c656e64e296816f66e2968173656e74656e6365efbd9c3e"}],"timing_ms":{"open_total":63892.546,"prompt_replay":3429.294,"continuation_decode":144.105,"output_head":7.494,"token_text":0.006,"total":3580.924,"prompt_tokens_per_second":5.248893,"continuation_tokens_per_second":6.939385,"generated_tokens_per_second":0.558515,"stage_decode":[1005.639,394.065,395.109,394.641,394.932,330.214,419.031,232.082],"handoff":[1.072,1.096,1.063,1.268,1.225,0.897,1.065],"open_stage":[63864.778,57133.497,19624.064,34146.585,38878.283,49368.374,51459.873,51652.070]},"memory":{"uploaded_tensors":1328,"uploaded_bytes":156142862684,"arena_bytes":[22524134668,21494393612,21494393612,21494393612,21494393612,17922654732,17901334540,11817197824]}}
