{"backend": "tp_ep_launcher_http", "compose_copy_ms": 1365.8430090000002, "compose_final_ms": 201.694161, "compose_ms": 1842.727542, "compose_reduce_ms": 275.190372, "continuation_tok_s": 752.7037894064943, "continuation_tok_s_decode": 978.18141440469, "continuation_tokens": 2976, "ctx": 262144, "dense_ms": 0.0, "elapsed_s": 4.135161463999999, "ep_ms": 1345.860853, "generated_tok_s": 742.8972306751019, "generated_tok_s_decode": 963.1202728165337, "generated_tokens": 3072, "generation_requests": 3, "gpu_mem_used_max_mib": 13184.0, "gpu_util_avg": 18.0, "gpu_util_max": 40.0, "schema": "ds4_v100_tp_ep_sustained_http_case.v3", "slots": 32, "status_200": 96, "token_match": 96, "token_mismatch": 0, "tokens_per_request": 32}
