{"prompt_tokens":18,"generated_tokens":2,"total_input_tokens":19,"tokens":[{"id":926,"logit":35.250885,"text":"16","text_hex":"3136"},{"id":1,"logit":39.3052406,"text":"<пЅњendв–Ѓofв–ЃsentenceпЅњ>","text_hex":"3cefbd9c656e64e296816f66e2968173656e74656e6365efbd9c3e"}],"timing_ms":{"open_total":285988.159,"prompt_replay":2614.474,"continuation_decode":149.890,"output_head":6.291,"token_text":0.010,"total":2770.690,"prompt_tokens_per_second":6.884750,"continuation_tokens_per_second":6.671553,"generated_tokens_per_second":0.721842,"stage_decode":[369.459,370.586,371.426,370.689,369.311,308.406,387.941,212.074],"handoff":[0.726,0.744,0.744,0.570,0.583,0.592,0.516],"open_stage":[38780.880,52842.807,48533.897,47323.184,23994.620,21345.380,39112.111,14034.338]},"memory":{"uploaded_tensors":1328,"uploaded_bytes":156142862684,"arena_bytes":[22524134668,21494393612,21494393612,21494393612,21494393612,17922654732,17901334540,11817197824]}}
