{"prompt_tokens":18,"generated_tokens":2,"total_input_tokens":19,"tokens":[{"id":926,"logit":35.250885,"text":"16","text_hex":"3136"},{"id":1,"logit":39.3052406,"text":"<｜end▁of▁sentence｜>","text_hex":"3cefbd9c656e64e296816f66e2968173656e74656e6365efbd9c3e"}],"timing_ms":{"open_total":285988.159,"prompt_replay":3774.574,"continuation_decode":143.934,"output_head":6.837,"token_text":0.023,"total":3925.403,"prompt_tokens_per_second":4.768750,"continuation_tokens_per_second":6.947637,"generated_tokens_per_second":0.509502,"stage_decode":[1330.574,402.339,404.378,399.038,398.275,333.824,416.451,228.790],"handoff":[0.826,0.804,0.664,0.638,0.626,0.590,0.688],"open_stage":[38780.880,52842.807,48533.897,47323.184,23994.620,21345.380,39112.111,14034.338]},"memory":{"uploaded_tensors":1328,"uploaded_bytes":156142862684,"arena_bytes":[22524134668,21494393612,21494393612,21494393612,21494393612,17922654732,17901334540,11817197824]}}
