{"aggregate_tokens_per_second": 0.35336320951271494, "concurrency": 4, "elapsed_s": 11.319797568954527, "errors": 0, "generated_token_total": 4, "host": "127.0.0.1", "latency_ms": {"avg": 9413.06617599912, "p50": 8778.407400473952, "p95": 10937.45605397853, "p99": 11242.126212421572}, "mode": "off", "mtpa_accepted": 0, "mtpa_attempted": 0, "port": 18124, "requests": 4, "schema": "ds4_v100_aggregate_throughput_case.v1", "status_200": 4, "status_413": 0, "status_429": 0, "status_other": 0, "token_match": 4, "token_mismatch": 0}
