{"prompt_tokens":18,"generated_tokens":2,"total_input_tokens":19,"tokens":[{"id":223,"logit":21.5122604,"text":" ","text_hex":"20"},{"id":11154,"logit":24.9843559,"text":"204","text_hex":"323034"}],"timing_ms":{"open_total":55338.161,"prompt_replay":2387.788,"continuation_decode":114.340,"output_head":17.524,"token_text":0.029,"total":2520.150,"prompt_tokens_per_second":7.538357,"continuation_tokens_per_second":8.745839,"generated_tokens_per_second":0.793604,"stage_decode":[527.556,535.176,543.625,552.646,554.457,489.092,504.399,332.536],"stage_profile":{"hc_attn":[0.000,0.000,0.000,0.000,0.000,0.000,0.000,0.000],"attention":[0.000,0.000,0.000,0.000,0.000,0.000,0.000,0.000],"hc_ffn":[0.000,0.000,0.000,0.000,0.000,0.000,0.000,0.000],"ffn":[0.000,0.000,0.000,0.000,0.000,0.000,0.000,0.000],"hc_final":[0.000,0.000,0.000,0.000,0.000,0.000,0.000,0.000],"total":[0.000,0.000,0.000,0.000,0.000,0.000,0.000,0.000]},"handoff":[12.209,8.578,6.805,4.839,6.631,5.507,6.209],"open_stage":[23918.654,43832.866,37806.920,35549.714,55308.311,43440.722,28948.323,37215.518],"async_pipeline":{"dispatches":19,"total":2502.128,"setup":15.968,"host_wait":2483.796,"complete":2.294,"wait_prev":[0.000,277.646,567.885,860.346,1159.223,1495.237,1774.410,2136.522],"handoff":[12.209,8.578,6.805,4.839,6.631,5.507,6.209],"device_sync":[0.000,0.000,0.000,0.000,0.000,0.000,0.000,0.000]}},"memory":{"uploaded_tensors":8,"uploaded_bytes":156142896212,"arena_bytes":[22524134668,21494393612,21494393612,21494393612,21494393612,17922654732,17901334540,11817197824]}}
