{"aggregate_tokens_per_second": 0.3538778201214852, "concurrency": 1, "elapsed_s": 11.303336271899752, "errors": 0, "generated_token_total": 4, "host": "127.0.0.1", "latency_ms": {"avg": 2825.6380615057424, "p50": 2612.567025993485, "p95": 3347.6400499581355, "p99": 3450.4804603452794}, "mode": "off", "mtpa_accepted": 0, "mtpa_attempted": 0, "port": 18160, "requests": 4, "schema": "ds4_v100_aggregate_throughput_case.v1", "status_200": 4, "status_413": 0, "status_429": 0, "status_other": 0, "token_match": 4, "token_mismatch": 0}
