{"aggregate_tokens_per_second": 0.37833555353551435, "concurrency": 2, "elapsed_s": 21.145250361063518, "errors": 0, "generated_token_total": 8, "host": "127.0.0.1", "latency_ms": {"avg": 4967.27945022576, "p50": 5092.786410474218, "p95": 5595.243816572474, "p99": 5809.168420886854}, "mode": "off", "mtpa_accepted": 0, "mtpa_attempted": 0, "port": 18122, "requests": 8, "schema": "ds4_v100_aggregate_throughput_case.v1", "status_200": 8, "status_413": 0, "status_429": 0, "status_other": 0, "token_match": 8, "token_mismatch": 0}
