{"prompt_tokens":18,"generated_tokens":2,"total_input_tokens":19,"tokens":[{"id":926,"logit":35.250885,"text":"16","text_hex":"3136"},{"id":1,"logit":39.3052406,"text":"<пЅњendв–Ѓofв–ЃsentenceпЅњ>","text_hex":"3cefbd9c656e64e296816f66e2968173656e74656e6365efbd9c3e"}],"timing_ms":{"open_total":70272.460,"prompt_replay":4379.105,"continuation_decode":152.225,"output_head":7.288,"token_text":0.024,"total":4538.683,"prompt_tokens_per_second":4.110429,"continuation_tokens_per_second":6.569219,"generated_tokens_per_second":0.440656,"stage_decode":[1598.617,436.577,439.023,460.029,485.263,414.742,452.546,238.771],"handoff":[0.801,0.896,0.954,0.838,0.776,0.779,0.720],"open_stage":[45598.757,70230.148,66955.596,53818.310,14658.046,32360.138,11177.076,9244.684]},"memory":{"uploaded_tensors":1328,"uploaded_bytes":156142862684,"arena_bytes":[22524134668,21494393612,21494393612,21494393612,21494393612,17922654732,17901334540,11817197824]}}
