{"aggregate_tokens_per_second": 0.36122908020613614, "concurrency": 4, "elapsed_s": 11.073305609053932, "errors": 0, "generated_token_total": 4, "host": "127.0.0.1", "latency_ms": {"avg": 8519.226447009714, "p50": 8518.876937509049, "p95": 11072.368472313974, "p99": 11072.602534473408}, "mode": "off", "mtpa_accepted": 0, "mtpa_attempted": 0, "port": 18148, "requests": 4, "schema": "ds4_v100_aggregate_throughput_case.v1", "status_200": 4, "status_413": 0, "status_429": 0, "status_other": 0, "token_match": 4, "token_mismatch": 0}
