{"prompt_tokens":18,"generated_tokens":2,"total_input_tokens":19,"tokens":[{"id":926,"logit":35.2504807,"text":"16","text_hex":"3136"},{"id":1,"logit":39.3046379,"text":"<｜end▁of▁sentence｜>","text_hex":"3cefbd9c656e64e296816f66e2968173656e74656e6365efbd9c3e"}],"timing_ms":{"open_total":71332.290,"prompt_replay":3461.646,"continuation_decode":135.677,"output_head":7.115,"token_text":0.006,"total":3604.472,"prompt_tokens_per_second":5.199839,"continuation_tokens_per_second":7.370446,"generated_tokens_per_second":0.554866,"stage_decode":[1204.299,362.823,362.830,362.240,361.089,305.069,406.608,228.033],"handoff":[0.689,0.515,0.511,0.546,0.496,0.738,0.838],"open_stage":[71303.499,63465.839,63456.707,65779.865,60232.912,35080.732,39990.964,43340.660]},"memory":{"uploaded_tensors":1328,"uploaded_bytes":156142862684,"arena_bytes":[22524134668,21494393612,21494393612,21494393612,21494393612,17922654732,17901334540,11817197824]}}
