{"aggregate_tokens_per_second": 0.3250422740784476, "concurrency": 8, "elapsed_s": 12.306091604055837, "errors": 0, "generated_token_total": 4, "host": "127.0.0.1", "latency_ms": {"avg": 10166.544923995389, "p50": 12303.615747019649, "p95": 12304.125543922419, "p99": 12304.194825562881}, "mode": "off", "mtpa_accepted": 0, "mtpa_attempted": 0, "port": 18134, "requests": 4, "schema": "ds4_v100_aggregate_throughput_case.v1", "status_200": 4, "status_413": 0, "status_429": 0, "status_other": 0, "token_match": 4, "token_mismatch": 0}
