{"prompt_tokens":256,"generated_tokens":2,"total_input_tokens":257,"tokens":[{"id":3955,"logit":21.0849762,"text":"\",\n","text_hex":"222c0a"},{"id":361,"logit":25.3650227,"text":"   ","text_hex":"202020"}],"timing_ms":{"open_total":54780.520,"prompt_replay":18543.475,"continuation_decode":68.607,"output_head":5.384,"token_text":0.734,"total":18618.615,"prompt_tokens_per_second":13.805395,"continuation_tokens_per_second":14.575734,"generated_tokens_per_second":0.107419,"stage_decode":[3401.338,2450.509,2441.582,2444.836,2437.507,2074.384,2039.731,1272.391],"stage_profile":{"hc_attn":[111.563,111.386,111.144,116.557,110.248,93.525,95.503,56.641],"attention":[1214.303,1273.674,1268.029,1265.245,1264.840,1079.272,1044.092,650.213],"attn_proj":[412.016,414.355,414.272,412.724,411.245,344.361,342.569,205.915],"attn_cache":[94.722,134.664,133.870,134.765,135.211,124.448,105.066,76.329],"attn_softmax":[129.993,142.701,142.010,141.540,142.322,121.103,115.415,73.241],"attn_inverse_rope":[12.858,13.100,12.940,12.994,13.461,11.225,11.243,6.454],"attn_output":[543.125,543.322,543.904,542.539,541.166,451.643,450.548,271.337],"hc_ffn":[134.650,134.012,134.601,134.057,133.603,112.321,111.484,67.568],"ffn":[895.143,780.029,775.745,778.236,776.437,656.404,653.078,412.110],"hc_final":[15.711,15.492,15.375,15.400,15.693,13.250,13.153,7.684],"total":[2371.370,2314.593,2304.894,2309.494,2300.821,1954.773,1917.311,1194.216]},"handoff":[7.131,6.918,8.173,7.312,6.758,7.573,5.941],"open_stage":[51636.328,49055.787,48134.084,13368.719,54749.534,36183.904,42396.623,37906.802]},"memory":{"uploaded_tensors":8,"uploaded_bytes":156142896212,"arena_bytes":[22524134668,21494393612,21494393612,21494393612,21494393612,17922654732,17901334540,11817197824]}}
