{
  "prompt": 13.805395,
  "cont": 14.575734,
  "ids": [
    3955,
    361
  ],
  "sums": {
    "attn": 9059.668,
    "proj": 2957.457,
    "cache": 939.0749999999999,
    "softmax": 1008.3249999999998,
    "inverse": 94.27499999999998,
    "output": 3887.5840000000003,
    "ffn": 5727.182,
    "total": 16667.471999999998
  }
}
