{"aggregate_tokens_per_second": 0.35857918072385847, "concurrency": 2, "elapsed_s": 11.155137317022309, "errors": 0, "generated_token_total": 4, "host": "127.0.0.1", "latency_ms": {"avg": 4938.272090046667, "p50": 5099.397083045915, "p95": 5908.2059398293495, "p99": 6021.847935188562}, "mode": "off", "mtpa_accepted": 0, "mtpa_attempted": 0, "port": 18131, "requests": 4, "schema": "ds4_v100_aggregate_throughput_case.v1", "status_200": 4, "status_413": 0, "status_429": 0, "status_other": 0, "token_match": 4, "token_mismatch": 0}
