{"aggregate_tokens_per_second": 0.3618665996620775, "concurrency": 2, "elapsed_s": 11.053797183092684, "errors": 0, "generated_token_total": 4, "host": "127.0.0.1", "latency_ms": {"avg": 5526.300439261831, "p50": 5526.061171025503, "p95": 5946.705821703654, "p99": 5946.861603537109}, "mode": "off", "mtpa_accepted": 0, "mtpa_attempted": 0, "port": 18122, "requests": 4, "schema": "ds4_v100_aggregate_throughput_case.v1", "status_200": 4, "status_413": 0, "status_429": 0, "status_other": 0, "token_match": 4, "token_mismatch": 0}
