{"aggregate_tokens_per_second": 0.36818210776237786, "concurrency": 4, "elapsed_s": 10.864188986015506, "errors": 0, "generated_token_total": 4, "host": "127.0.0.1", "latency_ms": {"avg": 10862.52369050635, "p50": 10862.40377300419, "p95": 10863.589285680791, "p99": 10863.692899568705}, "mode": "off", "mtpa_accepted": 0, "mtpa_attempted": 0, "port": 18140, "requests": 4, "schema": "ds4_v100_aggregate_throughput_case.v1", "status_200": 4, "status_413": 0, "status_429": 0, "status_other": 0, "token_match": 4, "token_mismatch": 0}
