{"prompt_tokens":18,"generated_tokens":1,"total_input_tokens":18,"tokens":[{"id":926,"logit":35.250885,"text":"16","text_hex":"3136"}],"timing_ms":{"open_total":265589.231,"prompt_replay":2627.912,"continuation_decode":0.000,"output_head":3.552,"token_text":0.006,"total":2631.484,"prompt_tokens_per_second":6.849545,"continuation_tokens_per_second":0.000000,"generated_tokens_per_second":0.380014,"stage_decode":[348.085,350.873,350.818,351.163,349.845,291.301,378.406,203.641],"handoff":[0.582,0.675,0.590,0.521,0.501,0.458,0.453],"open_stage":[22239.753,46842.068,39277.732,34003.619,32776.337,32055.113,30362.270,28012.366]},"memory":{"uploaded_tensors":1328,"uploaded_bytes":156142862684,"arena_bytes":[22524134668,21494393612,21494393612,21494393612,21494393612,17922654732,17901334540,11817197824]}}
