{"prompt_tokens":18,"generated_tokens":1,"total_input_tokens":18,"tokens":[{"id":926,"logit":35.250885,"text":"16","text_hex":"3136"}],"timing_ms":{"open_total":265589.231,"prompt_replay":3791.869,"continuation_decode":0.000,"output_head":3.877,"token_text":0.004,"total":3795.771,"prompt_tokens_per_second":4.747000,"continuation_tokens_per_second":0.000000,"generated_tokens_per_second":0.263451,"stage_decode":[1332.706,382.108,381.072,381.523,377.585,314.898,398.908,218.621],"handoff":[0.683,0.680,0.618,0.697,0.740,0.494,0.537],"open_stage":[22239.753,46842.068,39277.732,34003.619,32776.337,32055.113,30362.270,28012.366]},"memory":{"uploaded_tensors":1328,"uploaded_bytes":156142862684,"arena_bytes":[22524134668,21494393612,21494393612,21494393612,21494393612,17922654732,17901334540,11817197824]}}
