{"cases": [{"aggregate_tokens_per_second": 0.3752045681604825, "concurrency": 2, "elapsed_s": 21.321702023036778, "errors": 0, "generated_token_total": 8, "host": "127.0.0.1", "latency_ms": {"avg": 5012.226227889187, "p50": 5084.947778028436, "p95": 6073.592069931328, "p99": 6073.644441999495}, "mode": "off", "mtpa_accepted": 0, "mtpa_attempted": 0, "port": 18120, "requests": 8, "schema": "ds4_v100_aggregate_throughput_case.v1", "status_200": 8, "status_413": 0, "status_429": 0, "status_other": 0, "token_match": 8, "token_mismatch": 0}, {"aggregate_tokens_per_second": 0.37594034542917204, "concurrency": 4, "elapsed_s": 21.279971935087815, "errors": 0, "generated_token_total": 8, "host": "127.0.0.1", "latency_ms": {"avg": 9359.771238901885, "p50": 10231.12042847788, "p95": 11051.044437335804, "p99": 11051.434147497639}, "mode": "off", "mtpa_accepted": 0, "mtpa_attempted": 0, "port": 18121, "requests": 8, "schema": "ds4_v100_aggregate_throughput_case.v1", "status_200": 8, "status_413": 0, "status_429": 0, "status_other": 0, "token_match": 8, "token_mismatch": 0}, {"aggregate_tokens_per_second": 0.37833555353551435, "concurrency": 2, "elapsed_s": 21.145250361063518, "errors": 0, "generated_token_total": 8, "host": "127.0.0.1", "latency_ms": {"avg": 4967.27945022576, "p50": 5092.786410474218, "p95": 5595.243816572474, "p99": 5809.168420886854}, "mode": "off", "mtpa_accepted": 0, "mtpa_attempted": 0, "port": 18122, "requests": 8, "schema": "ds4_v100_aggregate_throughput_case.v1", "status_200": 8, "status_413": 0, "status_429": 0, "status_other": 0, "token_match": 8, "token_mismatch": 0}, {"aggregate_tokens_per_second": 0.37219800468045744, "concurrency": 4, "elapsed_s": 21.493935753009282, "errors": 0, "generated_token_total": 8, "host": "127.0.0.1", "latency_ms": {"avg": 9790.787776029902, "p50": 10191.980217467062, "p95": 11305.136993638007, "p99": 11305.26265960536}, "mode": "off", "mtpa_accepted": 0, "mtpa_attempted": 0, "port": 18123, "requests": 8, "schema": "ds4_v100_aggregate_throughput_case.v1", "status_200": 8, "status_413": 0, "status_429": 0, "status_other": 0, "token_match": 8, "token_mismatch": 0}], "schema": "ds4_v100_aggregate_throughput.v1"}
