{"prompt_tokens":18,"generated_tokens":1,"total_input_tokens":18,"tokens":[{"id":926,"logit":35.250885,"text":"16","text_hex":"3136"}],"timing_ms":{"open_total":342577.062,"prompt_replay":2611.603,"continuation_decode":0.000,"output_head":3.329,"token_text":0.004,"total":2614.951,"prompt_tokens_per_second":6.892320,"continuation_tokens_per_second":0.000000,"generated_tokens_per_second":0.382416,"stage_decode":[349.843,349.841,350.829,350.372,349.157,291.651,362.934,203.585],"handoff":[0.547,0.470,0.505,0.554,0.443,0.427,0.444],"open_stage":[48498.916,57896.385,57662.095,55111.833,57083.541,44534.429,14556.790,7212.287]},"memory":{"uploaded_tensors":1328,"uploaded_bytes":156142862684,"arena_bytes":[22524134668,21494393612,21494393612,21494393612,21494393612,17922654732,17901334540,11817197824]}}
