{"prompt_tokens":18,"generated_tokens":1,"total_input_tokens":18,"tokens":[{"id":926,"logit":35.250885,"text":"16","text_hex":"3136"}],"timing_ms":{"open_total":342577.062,"prompt_replay":3748.650,"continuation_decode":0.000,"output_head":3.746,"token_text":0.010,"total":3752.439,"prompt_tokens_per_second":4.801728,"continuation_tokens_per_second":0.000000,"generated_tokens_per_second":0.266493,"stage_decode":[1227.419,402.863,397.262,394.105,395.908,320.339,385.317,221.330],"handoff":[0.627,0.633,0.605,0.657,0.654,0.452,0.479],"open_stage":[48498.916,57896.385,57662.095,55111.833,57083.541,44534.429,14556.790,7212.287]},"memory":{"uploaded_tensors":1328,"uploaded_bytes":156142862684,"arena_bytes":[22524134668,21494393612,21494393612,21494393612,21494393612,17922654732,17901334540,11817197824]}}
