{"prompt_tokens":18,"generated_tokens":2,"total_input_tokens":19,"tokens":[{"id":926,"logit":35.2504807,"text":"16","text_hex":"3136"},{"id":1,"logit":39.3046379,"text":"<｜end▁of▁sentence｜>","text_hex":"3cefbd9c656e64e296816f66e2968173656e74656e6365efbd9c3e"}],"timing_ms":{"open_total":62737.170,"prompt_replay":3402.303,"continuation_decode":132.911,"output_head":7.301,"token_text":0.027,"total":3542.575,"prompt_tokens_per_second":5.290534,"continuation_tokens_per_second":7.523824,"generated_tokens_per_second":0.564561,"stage_decode":[1123.025,364.821,365.391,366.003,363.764,304.941,413.479,228.667],"handoff":[0.736,0.671,0.613,0.718,0.794,0.809,0.782],"open_stage":[62709.719,13800.893,52110.890,56517.386,54636.829,45631.150,59906.691,16631.971]},"memory":{"uploaded_tensors":1328,"uploaded_bytes":156142862684,"arena_bytes":[22524134668,21494393612,21494393612,21494393612,21494393612,17922654732,17901334540,11817197824]}}
