{"prompt_tokens":256,"generated_tokens":2,"total_input_tokens":257,"tokens":[{"id":3955,"logit":20.932045,"text":"\",\n","text_hex":"222c0a"},{"id":361,"logit":25.4034195,"text":"   ","text_hex":"202020"}],"timing_ms":{"open_total":64952.398,"prompt_replay":20645.832,"continuation_decode":83.164,"output_head":5.244,"token_text":0.017,"total":20734.689,"prompt_tokens_per_second":12.399597,"continuation_tokens_per_second":12.024425,"generated_tokens_per_second":0.096457,"stage_decode":[3448.067,3032.484,3047.905,3054.324,3003.474,1963.241,1928.986,1199.201],"stage_profile":{"hc_attn":[0.000,0.000,0.000,0.000,0.000,0.000,0.000,0.000],"attention":[0.000,0.000,0.000,0.000,0.000,0.000,0.000,0.000],"hc_ffn":[0.000,0.000,0.000,0.000,0.000,0.000,0.000,0.000],"ffn":[0.000,0.000,0.000,0.000,0.000,0.000,0.000,0.000],"hc_final":[0.000,0.000,0.000,0.000,0.000,0.000,0.000,0.000],"total":[0.000,0.000,0.000,0.000,0.000,0.000,0.000,0.000]},"handoff":[7.479,7.701,7.446,7.206,7.498,6.910,7.074],"open_stage":[64921.078,58990.572,27291.478,31274.545,45861.470,29949.774,29040.840,23146.816]},"memory":{"uploaded_tensors":8,"uploaded_bytes":156142896212,"arena_bytes":[22524134668,21494393612,21494393612,21494393612,21494393612,17922654732,17901334540,11817197824]}}
