{"prompt_tokens":18,"generated_tokens":2,"total_input_tokens":19,"tokens":[{"id":926,"logit":35.250885,"text":"16","text_hex":"3136"},{"id":1,"logit":39.3052406,"text":"<пЅњendв–Ѓofв–ЃsentenceпЅњ>","text_hex":"3cefbd9c656e64e296816f66e2968173656e74656e6365efbd9c3e"}],"timing_ms":{"open_total":322806.755,"prompt_replay":2619.598,"continuation_decode":142.965,"output_head":5.595,"token_text":0.007,"total":2768.185,"prompt_tokens_per_second":6.871284,"continuation_tokens_per_second":6.994727,"generated_tokens_per_second":0.722495,"stage_decode":[366.319,368.088,368.985,368.826,368.292,308.394,396.186,213.856],"handoff":[0.586,0.493,0.456,0.554,0.504,0.524,0.498],"open_stage":[50173.702,56135.134,40111.051,42173.221,50484.790,29921.108,35958.890,17827.032]},"memory":{"uploaded_tensors":1328,"uploaded_bytes":156142862684,"arena_bytes":[22524134668,21494393612,21494393612,21494393612,21494393612,17922654732,17901334540,11817197824]}}
