{"prompt_tokens":18,"generated_tokens":2,"total_input_tokens":19,"tokens":[{"id":926,"logit":35.250885,"text":"16","text_hex":"3136"},{"id":1,"logit":39.3052406,"text":"<｜end▁of▁sentence｜>","text_hex":"3cefbd9c656e64e296816f66e2968173656e74656e6365efbd9c3e"}],"timing_ms":{"open_total":322806.755,"prompt_replay":3508.890,"continuation_decode":148.974,"output_head":7.068,"token_text":0.008,"total":3664.965,"prompt_tokens_per_second":5.129827,"continuation_tokens_per_second":6.712575,"generated_tokens_per_second":0.545708,"stage_decode":[1070.621,397.999,397.524,398.325,396.522,329.161,412.917,250.345],"handoff":[0.773,0.732,0.625,0.665,0.619,0.560,0.478],"open_stage":[50173.702,56135.134,40111.051,42173.221,50484.790,29921.108,35958.890,17827.032]},"memory":{"uploaded_tensors":1328,"uploaded_bytes":156142862684,"arena_bytes":[22524134668,21494393612,21494393612,21494393612,21494393612,17922654732,17901334540,11817197824]}}
