{"prompt_tokens":18,"generated_tokens":1,"total_input_tokens":18,"tokens":[{"id":926,"logit":35.250885,"text":"16","text_hex":"3136"}],"timing_ms":{"open_total":69010.670,"prompt_replay":2615.401,"continuation_decode":0.000,"output_head":3.317,"token_text":0.005,"total":2618.739,"prompt_tokens_per_second":6.882310,"continuation_tokens_per_second":0.000000,"generated_tokens_per_second":0.381863,"stage_decode":[347.853,350.236,349.639,349.760,347.944,291.427,373.724,202.004],"handoff":[0.607,0.456,0.372,0.313,0.337,0.323,0.408],"open_stage":[42753.310,52196.266,49630.242,48671.370,68950.283,45669.148,63421.590,33419.518]},"memory":{"uploaded_tensors":1328,"uploaded_bytes":156142862684,"arena_bytes":[22524134668,21494393612,21494393612,21494393612,21494393612,17922654732,17901334540,11817197824]}}
