{"prompt_tokens":1024,"generated_tokens":2,"total_input_tokens":1025,"tokens":[{"id":926,"logit":24.7719688,"text":"16","text_hex":"3136"},{"id":926,"logit":24.4011497,"text":"16","text_hex":"3136"}],"timing_ms":{"open_total":63096.737,"prompt_replay":60587.822,"continuation_decode":59.090,"output_head":5.067,"token_text":0.004,"total":60653.447,"prompt_tokens_per_second":16.901086,"continuation_tokens_per_second":16.923312,"generated_tokens_per_second":0.032974,"stage_decode":[8945.668,8356.739,8355.813,8339.111,8305.489,7017.092,6882.534,4277.817],"stage_profile":{"hc_attn":[0.000,0.000,0.000,0.000,0.000,0.000,0.000,0.000],"attention":[0.000,0.000,0.000,0.000,0.000,0.000,0.000,0.000],"hc_ffn":[0.000,0.000,0.000,0.000,0.000,0.000,0.000,0.000],"ffn":[0.000,0.000,0.000,0.000,0.000,0.000,0.000,0.000],"hc_final":[0.000,0.000,0.000,0.000,0.000,0.000,0.000,0.000],"total":[0.000,0.000,0.000,0.000,0.000,0.000,0.000,0.000]},"handoff":[23.602,22.264,23.180,24.996,25.155,23.773,23.679],"open_stage":[45439.469,33694.200,62347.225,58715.326,63068.607,51033.193,46592.828,37202.743]},"memory":{"uploaded_tensors":8,"uploaded_bytes":156142896212,"arena_bytes":[22524134668,21494393612,21494393612,21494393612,21494393612,17922654732,17901334540,11817197824]}}
