{"backend": "tp_ep_launcher_http", "compose_copy_ms": 1770.9537659999999, "compose_final_ms": 1271.4236259999998, "compose_ms": 3571.085652, "compose_reduce_ms": 528.70826, "continuation_tok_s": 771.5984690459107, "continuation_tok_s_decode": 1004.2920307965255, "continuation_tokens": 6048, "ctx": 262144, "dense_ms": 0.0, "elapsed_s": 8.011649614, "ep_ms": 2588.5586319999998, "generated_tok_s": 766.8832632500096, "generated_tok_s_decode": 997.1653408494087, "generated_tokens": 6144, "generation_requests": 3, "gpu_mem_used_max_mib": 13184.0, "gpu_util_avg": 15.84375, "gpu_util_max": 32.0, "schema": "ds4_v100_tp_ep_sustained_http_case.v3", "slots": 32, "status_200": 96, "token_match": 96, "token_mismatch": 0, "tokens_per_request": 64}
