{"prompt_tokens":1024,"generated_tokens":2,"total_input_tokens":1025,"tokens":[{"id":926,"logit":22.8657875,"text":"16","text_hex":"3136"},{"id":926,"logit":24.7866898,"text":"16","text_hex":"3136"}],"timing_ms":{"open_total":68583.726,"prompt_replay":66289.156,"continuation_decode":64.251,"output_head":5.176,"token_text":5.588,"total":66365.455,"prompt_tokens_per_second":15.447474,"continuation_tokens_per_second":15.563907,"generated_tokens_per_second":0.030136,"stage_decode":[9635.562,9143.833,9180.551,9160.057,9122.338,7678.382,7553.360,4675.245],"stage_profile":{"hc_attn":[0.000,0.000,0.000,0.000,0.000,0.000,0.000,0.000],"attention":[0.000,0.000,0.000,0.000,0.000,0.000,0.000,0.000],"hc_ffn":[0.000,0.000,0.000,0.000,0.000,0.000,0.000,0.000],"ffn":[0.000,0.000,0.000,0.000,0.000,0.000,0.000,0.000],"hc_final":[0.000,0.000,0.000,0.000,0.000,0.000,0.000,0.000],"total":[0.000,0.000,0.000,0.000,0.000,0.000,0.000,0.000]},"handoff":[29.765,30.337,28.806,28.601,27.548,29.328,29.694],"open_stage":[58392.423,59244.126,30701.137,30057.132,68561.471,43655.844,55790.367,42768.877]},"memory":{"uploaded_tensors":8,"uploaded_bytes":156142896212,"arena_bytes":[22524134668,21494393612,21494393612,21494393612,21494393612,17922654732,17901334540,11817197824]}}
