{"cases": [{"backend": "tp_ep_launcher_http", "compose_copy_ms": 861.3466460000001, "compose_final_ms": 533.75731, "compose_ms": 1586.147231, "compose_reduce_ms": 191.043275, "continuation_tok_s": 813.4758769326809, "continuation_tok_s_decode": 1072.7710376303244, "continuation_tokens": 2976, "ctx": 262144, "dense_ms": 0.0, "elapsed_s": 3.8270756660000003, "ep_ms": 1321.972948, "generated_tok_s": 802.7016626015148, "generated_tok_s_decode": 1056.0569574419462, "generated_tokens": 3072, "generation_requests": 3, "gpu_mem_used_max_mib": 13184.0, "gpu_util_avg": 11.580357142857142, "gpu_util_max": 32.0, "schema": "ds4_v100_tp_ep_sustained_http_case.v3", "slots": 32, "status_200": 96, "token_match": 96, "token_mismatch": 0, "tokens_per_request": 32}], "schema": "ds4_v100_tp_ep_sustained_http.v3"}
