{"aggregate_tokens_per_second": 0.3538567293426992, "concurrency": 1, "elapsed_s": 11.304009980056435, "errors": 0, "generated_token_total": 4, "host": "127.0.0.1", "latency_ms": {"avg": 2825.818037468707, "p50": 2628.931766957976, "p95": 3307.4868445342872, "p99": 3402.6077896927018}, "mode": "off", "mtpa_accepted": 0, "mtpa_attempted": 0, "port": 18161, "requests": 4, "schema": "ds4_v100_aggregate_throughput_case.v1", "status_200": 4, "status_413": 0, "status_429": 0, "status_other": 0, "token_match": 4, "token_mismatch": 0}
