{"prompt_tokens":1024,"generated_tokens":2,"total_input_tokens":1025,"tokens":[{"id":926,"logit":23.2675934,"text":"16","text_hex":"3136"},{"id":926,"logit":24.9171505,"text":"16","text_hex":"3136"}],"timing_ms":{"open_total":72613.236,"prompt_replay":68236.572,"continuation_decode":66.031,"output_head":5.148,"token_text":0.011,"total":68309.536,"prompt_tokens_per_second":15.006616,"continuation_tokens_per_second":15.144401,"generated_tokens_per_second":0.029278,"stage_decode":[10622.477,9339.233,9329.475,9311.630,9303.676,7788.659,7688.869,4742.522],"stage_profile":{"hc_attn":[0.000,0.000,0.000,0.000,0.000,0.000,0.000,0.000],"attention":[0.000,0.000,0.000,0.000,0.000,0.000,0.000,0.000],"hc_ffn":[0.000,0.000,0.000,0.000,0.000,0.000,0.000,0.000],"ffn":[0.000,0.000,0.000,0.000,0.000,0.000,0.000,0.000],"hc_final":[0.000,0.000,0.000,0.000,0.000,0.000,0.000,0.000],"total":[0.000,0.000,0.000,0.000,0.000,0.000,0.000,0.000]},"handoff":[26.188,24.957,25.521,26.775,24.283,24.709,23.629],"open_stage":[50313.256,60844.358,65310.617,72584.303,66064.748,52962.561,51577.705,33247.129]},"memory":{"uploaded_tensors":8,"uploaded_bytes":156142896212,"arena_bytes":[22524134668,21494393612,21494393612,21494393612,21494393612,17922654732,17901334540,11817197824]}}
