{"aggregate_tokens_per_second": 0.32054271633544107, "concurrency": 8, "elapsed_s": 12.47883603698574, "errors": 0, "generated_token_total": 4, "host": "127.0.0.1", "latency_ms": {"avg": 10307.477805501549, "p50": 9584.035599022172, "p95": 12044.34299726272, "p99": 12391.635413051117}, "mode": "off", "mtpa_accepted": 0, "mtpa_attempted": 0, "port": 18126, "requests": 4, "schema": "ds4_v100_aggregate_throughput_case.v1", "status_200": 4, "status_413": 0, "status_429": 0, "status_other": 0, "token_match": 4, "token_mismatch": 0}
