{"backend": "tp_ep_launcher_http", "compose_copy_ms": 1989.6369220000001, "compose_final_ms": 1193.106945, "compose_ms": 3819.310485, "compose_reduce_ms": 636.5666180000001, "continuation_tok_s": 719.4896890899829, "continuation_tok_s_decode": 949.492674878073, "continuation_tokens": 6048, "ctx": 262144, "dense_ms": 0.0, "elapsed_s": 8.639188782000002, "ep_ms": 2736.3336520000003, "generated_tok_s": 711.1778842940903, "generated_tok_s_decode": 936.9108708275598, "generated_tokens": 6144, "generation_requests": 3, "gpu_mem_used_max_mib": 13184.0, "gpu_util_avg": 12.108870967741936, "gpu_util_max": 31.0, "schema": "ds4_v100_tp_ep_sustained_http_case.v3", "slots": 32, "status_200": 96, "token_match": 96, "token_mismatch": 0, "tokens_per_request": 64}
