{"prompt_tokens":18,"generated_tokens":1,"total_input_tokens":18,"tokens":[{"id":926,"logit":35.250885,"text":"16","text_hex":"3136"}],"timing_ms":{"open_total":328062.465,"prompt_replay":2620.281,"continuation_decode":0.000,"output_head":2.894,"token_text":0.009,"total":2623.191,"prompt_tokens_per_second":6.869493,"continuation_tokens_per_second":0.000000,"generated_tokens_per_second":0.381215,"stage_decode":[351.035,352.330,352.367,350.754,350.628,292.341,365.354,201.743],"handoff":[0.590,0.556,0.517,0.481,0.593,0.504,0.488],"open_stage":[51769.426,42364.298,36378.130,41844.684,50807.385,42932.768,39623.086,22309.123]},"memory":{"uploaded_tensors":1328,"uploaded_bytes":156142862684,"arena_bytes":[22524134668,21494393612,21494393612,21494393612,21494393612,17922654732,17901334540,11817197824]}}
