{"prompt_tokens":18,"generated_tokens":1,"total_input_tokens":18,"tokens":[{"id":926,"logit":35.250885,"text":"16","text_hex":"3136"}],"timing_ms":{"open_total":328062.465,"prompt_replay":3777.607,"continuation_decode":0.000,"output_head":3.771,"token_text":0.004,"total":3781.397,"prompt_tokens_per_second":4.764921,"continuation_tokens_per_second":0.000000,"generated_tokens_per_second":0.264453,"stage_decode":[1318.536,379.244,394.390,388.535,375.684,314.806,388.211,213.722],"handoff":[0.725,0.643,0.679,0.567,0.667,0.551,0.646],"open_stage":[51769.426,42364.298,36378.130,41844.684,50807.385,42932.768,39623.086,22309.123]},"memory":{"uploaded_tensors":1328,"uploaded_bytes":156142862684,"arena_bytes":[22524134668,21494393612,21494393612,21494393612,21494393612,17922654732,17901334540,11817197824]}}
