{"prompt_tokens":18,"generated_tokens":2,"total_input_tokens":19,"tokens":[{"id":926,"logit":35.2504807,"text":"16","text_hex":"3136"},{"id":1,"logit":39.3046379,"text":"<｜end▁of▁sentence｜>","text_hex":"3cefbd9c656e64e296816f66e2968173656e74656e6365efbd9c3e"}],"timing_ms":{"open_total":64563.975,"prompt_replay":3364.589,"continuation_decode":131.176,"output_head":6.654,"token_text":0.006,"total":3502.453,"prompt_tokens_per_second":5.349836,"continuation_tokens_per_second":7.623344,"generated_tokens_per_second":0.571028,"stage_decode":[1110.689,366.004,367.456,365.286,364.963,306.323,392.389,215.837],"handoff":[1.283,1.209,0.938,1.148,0.707,0.794,0.737],"open_stage":[64535.774,58867.608,55129.079,62765.183,14241.413,15880.292,59558.514,37410.626]},"memory":{"uploaded_tensors":1328,"uploaded_bytes":156142862684,"arena_bytes":[22524134668,21494393612,21494393612,21494393612,21494393612,17922654732,17901334540,11817197824]}}
