{"prompt_tokens":18,"generated_tokens":2,"total_input_tokens":19,"tokens":[{"id":926,"logit":35.250885,"text":"16","text_hex":"3136"},{"id":1,"logit":39.3052406,"text":"<пЅњendв–Ѓofв–ЃsentenceпЅњ>","text_hex":"3cefbd9c656e64e296816f66e2968173656e74656e6365efbd9c3e"}],"timing_ms":{"open_total":68515.592,"prompt_replay":3553.735,"continuation_decode":142.750,"output_head":7.142,"token_text":0.006,"total":3703.661,"prompt_tokens_per_second":5.065094,"continuation_tokens_per_second":7.005254,"generated_tokens_per_second":0.540006,"stage_decode":[1126.634,395.320,418.434,394.239,391.842,328.840,412.413,224.360],"handoff":[0.602,0.665,0.680,0.656,0.606,0.551,0.644],"open_stage":[68474.352,41689.336,22232.293,51637.121,51504.353,60730.085,28087.335,34984.146]},"memory":{"uploaded_tensors":1328,"uploaded_bytes":156142862684,"arena_bytes":[22524134668,21494393612,21494393612,21494393612,21494393612,17922654732,17901334540,11817197824]}}
