{"aggregate_tokens_per_second": 0.37219800468045744, "concurrency": 4, "elapsed_s": 21.493935753009282, "errors": 0, "generated_token_total": 8, "host": "127.0.0.1", "latency_ms": {"avg": 9790.787776029902, "p50": 10191.980217467062, "p95": 11305.136993638007, "p99": 11305.26265960536}, "mode": "off", "mtpa_accepted": 0, "mtpa_attempted": 0, "port": 18123, "requests": 8, "schema": "ds4_v100_aggregate_throughput_case.v1", "status_200": 8, "status_413": 0, "status_429": 0, "status_other": 0, "token_match": 8, "token_mismatch": 0}
