{"prompt_tokens":18,"generated_tokens":2,"total_input_tokens":19,"tokens":[{"id":926,"logit":35.250885,"text":"16","text_hex":"3136"},{"id":1,"logit":39.3052406,"text":"<｜end▁of▁sentence｜>","text_hex":"3cefbd9c656e64e296816f66e2968173656e74656e6365efbd9c3e"}],"timing_ms":{"open_total":257736.254,"prompt_replay":3551.527,"continuation_decode":150.779,"output_head":7.078,"token_text":0.025,"total":3709.432,"prompt_tokens_per_second":5.068242,"continuation_tokens_per_second":6.632221,"generated_tokens_per_second":0.539166,"stage_decode":[1128.183,399.371,401.269,399.997,397.123,332.814,413.003,226.086],"handoff":[0.703,0.694,0.734,0.653,0.584,0.565,0.529],"open_stage":[50600.186,42621.112,19542.862,34170.627,28290.908,30646.297,34282.487,17556.275]},"memory":{"uploaded_tensors":1328,"uploaded_bytes":156142862684,"arena_bytes":[22524134668,21494393612,21494393612,21494393612,21494393612,17922654732,17901334540,11817197824]}}
