{"prompt_tokens":18,"generated_tokens":2,"total_input_tokens":19,"tokens":[{"id":926,"logit":35.250885,"text":"16","text_hex":"3136"},{"id":1,"logit":39.3052406,"text":"<пЅњendв–Ѓofв–ЃsentenceпЅњ>","text_hex":"3cefbd9c656e64e296816f66e2968173656e74656e6365efbd9c3e"}],"timing_ms":{"open_total":257736.254,"prompt_replay":2615.574,"continuation_decode":144.825,"output_head":6.042,"token_text":0.012,"total":2766.479,"prompt_tokens_per_second":6.881853,"continuation_tokens_per_second":6.904876,"generated_tokens_per_second":0.722941,"stage_decode":[368.165,370.840,371.194,371.471,369.401,309.057,383.390,212.505],"handoff":[0.633,0.759,0.630,0.668,0.613,0.487,0.587],"open_stage":[50600.186,42621.112,19542.862,34170.627,28290.908,30646.297,34282.487,17556.275]},"memory":{"uploaded_tensors":1328,"uploaded_bytes":156142862684,"arena_bytes":[22524134668,21494393612,21494393612,21494393612,21494393612,17922654732,17901334540,11817197824]}}
